{"ja-JP": {"C155.1": "川崎市中原区 新丸子町","C155.2": "川崎市中原区 田尻町","C155.3": "川崎市中原区 等々力","C155.4": "川崎市中原区 中丸子","C155.5": "川崎市中原区 西加瀬","C155.6": "川崎市中原区 丸子通","C155.7": "川崎市中原区 宮内","C155.8": "川崎市高津区 明津","C155.9": "川崎市高津区 宇奈根","C155.10": "川崎市高津区 梶ケ谷","C155.11": "川崎市高津区 蟹ケ谷","C155.12": "川崎市高津区 上作延","C155.13": "川崎市高津区 北見方","C155.14": "川崎市高津区 久地","C155.15": "川崎市高津区 坂戸","C155.16": "川崎市高津区 子母口","C155.17": "川崎市高津区 下作延","C155.18": "川崎市高津区 下野毛","C155.19": "川崎市高津区 新作","C155.20": "川崎市高津区 末長","C155.21": "川崎市高津区 諏訪","C155.22": "川崎市高津区 瀬田","C155.23": "川崎市高津区 千年","C155.24": "川崎市高津区 千年新町","C155.25": "川崎市高津区 野川","C155.26": "川崎市高津区 久末","C155.27": "川崎市高津区 久本","C155.28": "川崎市高津区 二子","C155.29": "川崎市高津区 溝口","C155.30": "川崎市高津区 向ケ丘","C155.31": "川崎市多摩区 生田","C155.32": "川崎市多摩区 栗谷","C155.33": "川崎市多摩区 宿河原","C155.34": "川崎市多摩区 菅","C155.35": "川崎市多摩区 菅稲田堤","C155.36": "川崎市多摩区 菅北浦","C155.37": "川崎市多摩区 菅城下","C155.38": "川崎市多摩区 菅仙谷","C155.39": "川崎市多摩区 菅野戸呂","C155.40": "川崎市多摩区 菅馬場","C155.41": "川崎市多摩区 堰","C155.42": "川崎市多摩区 寺尾台","C155.43": "川崎市多摩区 長尾","C155.44": "川崎市多摩区 長沢","C155.45": "川崎市多摩区 中野島","C155.46": "川崎市多摩区 西生田","C155.47": "川崎市多摩区 登戸","C155.48": "川崎市多摩区 登戸新町","C155.49": "川崎市多摩区 東生田","C155.50": "川崎市多摩区 東三田","C155.51": "川崎市多摩区 布田","C155.52": "川崎市多摩区 枡形","C155.53": "川崎市多摩区 三田","C155.54": "川崎市多摩区 南生田","C155.55": "川崎市宮前区 有馬","C155.56": "川崎市宮前区 犬蔵","C155.57": "川崎市宮前区 梶ケ谷","C155.58": "川崎市宮前区 けやき平","C155.59": "川崎市宮前区 五所塚","C155.60": "川崎市宮前区 小台","C155.61": "川崎市宮前区 鷺沼","C155.62": "川崎市宮前区 潮見台","C155.63": "川崎市宮前区 神木","C155.64": "川崎市宮前区 神木本町","C155.65": "川崎市宮前区 白幡台","C155.66": "川崎市宮前区 菅生","C155.67": "川崎市宮前区 菅生ケ丘","C155.68": "川崎市宮前区 平","C155.69": "川崎市宮前区 土橋","C155.70": "川崎市宮前区 南平台","C155.71": "川崎市宮前区 野川","C155.72": "川崎市宮前区 初山","C155.73": "川崎市宮前区 東有馬","C155.74": "川崎市宮前区 馬絹","C155.75": "川崎市宮前区 水沢","C155.76": "川崎市宮前区 宮崎","C155.77": "川崎市宮前区 宮前平","C155.78": "川崎市麻生区 王禅寺","C155.79": "川崎市麻生区 王禅寺西","C155.80": "川崎市麻生区 王禅寺東","C155.81": "川崎市麻生区 岡上","C155.82": "川崎市麻生区 片平","C155.83": "川崎市麻生区 金程","C155.84": "川崎市麻生区 上麻生","C155.85": "川崎市麻生区 栗木","C155.86": "川崎市麻生区 栗木台","C155.87": "川崎市麻生区 栗平","C155.88": "川崎市麻生区 黒川","C155.89": "川崎市麻生区 五力田","C155.90": "川崎市麻生区 下麻生","C155.91": "川崎市麻生区 白鳥","C155.92": "川崎市麻生区 高石","C155.93": "川崎市麻生区 多摩美","C155.94": "川崎市麻生区 千代ケ丘","C155.95": "川崎市麻生区 虹ケ丘","C155.96": "川崎市麻生区 白山","C155.97": "川崎市麻生区 早野","C155.98": "川崎市麻生区 はるひ野","C155.99": "川崎市麻生区 東百合丘","C155.100": "川崎市麻生区 古沢","C155.101": "川崎市麻生区 細山","C155.102": "川崎市麻生区 万福寺","C155.103": "川崎市麻生区 南黒川","C155.104": "川崎市麻生区 向原","C155.105": "川崎市麻生区 百合丘","C155.106": "相模原市緑区 相原","C155.107": "相模原市緑区 青根","C155.108": "相模原市緑区 青野原","C155.109": "相模原市緑区 青山","C155.110": "相模原市緑区 太井","C155.111": "相模原市緑区 大島","C155.112": "相模原市緑区 大山町","C155.113": "相模原市緑区 小倉","C155.114": "相模原市緑区 小原","C155.115": "相模原市緑区 小渕","C155.116": "相模原市緑区 上九沢","C155.117": "相模原市緑区 川尻","C155.118": "相模原市緑区 久保沢","C155.119": "相模原市緑区 佐野川","C155.120": "相模原市緑区 澤井","C155.121": "相模原市緑区 下九沢","C155.122": "相模原市緑区 城山","C155.123": "相模原市緑区 寸沢嵐","C155.124": "相模原市緑区 田名","C155.125": "相模原市緑区 谷ヶ原","C155.126": "相模原市緑区 千木良","C155.127": "相模原市緑区 鳥屋","C155.128": "相模原市緑区 中沢","C155.129": "相模原市緑区 長竹","C155.130": "相模原市緑区 中野","C155.131": "相模原市緑区 名倉","C155.132": "相模原市緑区 西橋本","C155.133": "相模原市緑区 二本松","C155.134": "相模原市緑区 根小屋","C155.135": "相模原市緑区 橋本","C155.136": "相模原市緑区 橋本台","C155.137": "相模原市緑区 葉山島","C155.138": "相模原市緑区 原宿","C155.139": "相模原市緑区 原宿南","C155.140": "相模原市緑区 東橋本","C155.141": "相模原市緑区 日連","C155.142": "相模原市緑区 広田","C155.143": "相模原市緑区 牧野","C155.144": "相模原市緑区 又野","C155.145": "相模原市緑区 町屋","C155.146": "相模原市緑区 三井","C155.147": "相模原市緑区 三ケ木","C155.148": "相模原市緑区 向原","C155.149": "相模原市緑区 元橋本町","C155.150": "相模原市緑区 吉野","C155.151": "相模原市緑区 与瀬","C155.152": "相模原市緑区 与瀬本町","C155.153": "相模原市緑区 若葉台","C155.154": "相模原市緑区 若柳","C155.155": "相模原市中央区 相生","C155.156": "相模原市中央区 青葉","C155.157": "相模原市中央区 大野台","C155.158": "相模原市中央区 小山","C155.159": "相模原市中央区 鹿沼台","C155.160": "相模原市中央区 上溝","C155.161": "相模原市中央区 上矢部","C155.162": "相模原市中央区 共和","C155.163": "相模原市中央区 向陽町","C155.164": "相模原市中央区 小町通","C155.165": "相模原市中央区 相模原","C155.166": "相模原市中央区 下九沢","C155.167": "相模原市中央区 水郷田名","C155.168": "相模原市中央区 すすきの町","C155.169": "相模原市中央区 清新","C155.170": "相模原市中央区 高根","C155.171": "相模原市中央区 田名","C155.172": "相模原市中央区 田名塩田","C155.173": "相模原市中央区 中央","C155.174": "相模原市中央区 千代田","C155.175": "相模原市中央区 並木","C155.176": "相模原市中央区 東淵野辺","C155.177": "相模原市中央区 光が丘","C155.178": "相模原市中央区 氷川町","C155.179": "相模原市中央区 富士見","C155.180": "相模原市中央区 淵野辺","C155.181": "相模原市中央区 淵野辺本町","C155.182": "相模原市中央区 星が丘","C155.183": "相模原市中央区 松が丘","C155.184": "相模原市中央区 緑が丘","C155.185": "相模原市中央区 南橋本","C155.186": "相模原市中央区 宮下","C155.187": "相模原市中央区 宮下本町","C155.188": "相模原市中央区 弥栄","C155.189": "相模原市中央区 矢部","C155.190": "相模原市中央区 矢部新町","C155.191": "相模原市中央区 矢部新田","C155.192": "相模原市中央区 陽光台","C155.193": "相模原市中央区 横山","C155.194": "相模原市中央区 横山台","C155.195": "相模原市中央区 由野台","C155.196": "相模原市南区 旭町","C155.197": "相模原市南区 麻溝台","C155.198": "相模原市南区 新磯野","C155.199": "相模原市南区 磯部","C155.200": "相模原市南区 鵜野森","C155.201": "相模原市南区 大野台","C155.202": "相模原市南区 上鶴間","C155.203": "相模原市南区 上鶴間本町","C155.204": "相模原市南区 北里","C155.205": "相模原市南区 古淵","C155.206": "相模原市南区 栄町","C155.207": "相模原市南区 相模大野","C155.208": "相模原市南区 相模台","C155.209": "相模原市南区 相模台団地","C155.210": "相模原市南区 桜台","C155.211": "相模原市南区 下溝","C155.212": "相模原市南区 新戸","C155.213": "相模原市南区 相南","C155.214": "相模原市南区 相武台","C155.215": "相模原市南区 相武台団地","C155.216": "相模原市南区 当麻","C155.217": "相模原市南区 西大沼","C155.218": "相模原市南区 東大沼","C155.219": "相模原市南区 東林間","C155.220": "相模原市南区 双葉","C155.221": "相模原市南区 文京","C155.222": "相模原市南区 松が枝町","C155.223": "相模原市南区 御園","C155.224": "相模原市南区 南台","C155.225": "相模原市南区 豊町","C155.226": "相模原市南区 若松","C155.227": "横須賀市 秋谷","C155.228": "横須賀市 芦名","C155.229": "横須賀市 阿部倉","C155.230": "横須賀市 粟田","C155.231": "横須賀市 安針台","C155.232": "横須賀市 池上","C155.233": "横須賀市 池田町","C155.234": "横須賀市 稲岡町","C155.235": "横須賀市 不入斗町","C155.236": "横須賀市 岩戸","C155.237": "横須賀市 内川","C155.238": "横須賀市 内川新田","C155.239": "横須賀市 浦賀","C155.240": "横須賀市 浦賀丘","C155.241": "横須賀市 浦上台","C155.242": "横須賀市 浦郷町","C155.243": "横須賀市 上町","C155.244": "横須賀市 大滝町","C155.245": "横須賀市 太田和","C155.246": "横須賀市 大津町","C155.247": "横須賀市 大矢部","C155.248": "横須賀市 小川町","C155.249": "横須賀市 荻野","C155.250": "横須賀市 追浜町","C155.251": "横須賀市 追浜東町","C155.252": "横須賀市 追浜本町","C155.253": "横須賀市 追浜南町","C155.254": "横須賀市 小原台","C155.255": "横須賀市 金谷","C155.256": "横須賀市 鴨居","C155.257": "横須賀市 衣笠栄町","C155.258": "横須賀市 衣笠町","C155.259": "横須賀市 公郷町","C155.260": "横須賀市 楠ケ浦町","C155.261": "横須賀市 久比里","C155.262": "横須賀市 久村","C155.263": "横須賀市 グリーンハイツ","C155.264": "横須賀市 久里浜","C155.265": "横須賀市 久里浜台","C155.266": "横須賀市 光風台","C155.267": "横須賀市 子安","C155.268": "横須賀市 小矢部","C155.269": "横須賀市 坂本町","C155.270": "横須賀市 桜が丘","C155.271": "横須賀市 佐島","C155.272": "横須賀市 佐島の丘","C155.273": "横須賀市 佐野町","C155.274": "横須賀市 佐原","C155.275": "横須賀市 猿島","C155.276": "横須賀市 汐入町","C155.277": "横須賀市 汐見台","C155.278": "横須賀市 湘南国際村","C155.279": "横須賀市 湘南鷹取","C155.280": "横須賀市 新港町","C155.281": "横須賀市 神明町","C155.282": "横須賀市 須軽谷","C155.283": "横須賀市 田浦泉町","C155.284": "横須賀市 田浦大作町","C155.285": "横須賀市 田浦町","C155.286": "横須賀市 田浦港町","C155.287": "横須賀市 鷹取","C155.288": "横須賀市 武","C155.289": "横須賀市 田戸台","C155.290": "横須賀市 津久井","C155.291": "横須賀市 鶴が丘","C155.292": "横須賀市 泊町","C155.293": "横須賀市 長井","C155.294": "横須賀市 長浦町","C155.295": "横須賀市 長坂","C155.296": "横須賀市 長沢","C155.297": "横須賀市 長瀬","C155.298": "横須賀市 夏島町","C155.299": "横須賀市 西浦賀","C155.300": "横須賀市 西逸見町"}}