{"ja-JP": {"C156.1": "横須賀市 根岸町","C156.2": "横須賀市 野比","C156.3": "横須賀市 ハイランド","C156.4": "横須賀市 箱崎町","C156.5": "横須賀市 走水","C156.6": "横須賀市 浜見台","C156.7": "横須賀市 林","C156.8": "横須賀市 東浦賀","C156.9": "横須賀市 東逸見町","C156.10": "横須賀市 光の丘","C156.11": "横須賀市 日の出町","C156.12": "横須賀市 平作","C156.13": "横須賀市 深田台","C156.14": "横須賀市 富士見町","C156.15": "横須賀市 二葉","C156.16": "横須賀市 舟倉","C156.17": "横須賀市 船越町","C156.18": "横須賀市 平成町","C156.19": "横須賀市 平和台","C156.20": "横須賀市 逸見が丘","C156.21": "横須賀市 望洋台","C156.22": "横須賀市 本町","C156.23": "横須賀市 馬堀海岸","C156.24": "横須賀市 馬堀町","C156.25": "横須賀市 緑が丘","C156.26": "横須賀市 港が丘","C156.27": "横須賀市 南浦賀","C156.28": "横須賀市 三春町","C156.29": "横須賀市 御幸浜","C156.30": "横須賀市 森崎","C156.31": "横須賀市 安浦町","C156.32": "横須賀市 山科台","C156.33": "横須賀市 山中町","C156.34": "横須賀市 吉井","C156.35": "横須賀市 吉倉町","C156.36": "横須賀市 米が浜通","C156.37": "横須賀市 若松町","C156.38": "横須賀市 若宮台","C156.39": "平塚市 明石町","C156.40": "平塚市 天沼","C156.41": "平塚市 飯島","C156.42": "平塚市 出縄","C156.43": "平塚市 入野","C156.44": "平塚市 入部","C156.45": "平塚市 榎木町","C156.46": "平塚市 老松町","C156.47": "平塚市 追分","C156.48": "平塚市 大神","C156.49": "平塚市 大島","C156.50": "平塚市 大原","C156.51": "平塚市 岡崎","C156.52": "平塚市 片岡","C156.53": "平塚市 上吉沢","C156.54": "平塚市 上平塚","C156.55": "平塚市 北金目","C156.56": "平塚市 北豊田","C156.57": "平塚市 城所","C156.58": "平塚市 公所","C156.59": "平塚市 久領堤","C156.60": "平塚市 黒部丘","C156.61": "平塚市 河内","C156.62": "平塚市 御殿","C156.63": "平塚市 小鍋島","C156.64": "平塚市 幸町","C156.65": "平塚市 桜ケ丘","C156.66": "平塚市 真田","C156.67": "平塚市 四之宮","C156.68": "平塚市 下吉沢","C156.69": "平塚市 下島","C156.70": "平塚市 新町","C156.71": "平塚市 須賀","C156.72": "平塚市 菫平","C156.73": "平塚市 諏訪町","C156.74": "平塚市 浅間町","C156.75": "平塚市 千石河岸","C156.76": "平塚市 千須谷","C156.77": "平塚市 袖ケ浜","C156.78": "平塚市 代官町","C156.79": "平塚市 高根","C156.80": "平塚市 高浜台","C156.81": "平塚市 高村","C156.82": "平塚市 宝町","C156.83": "平塚市 立野町","C156.84": "平塚市 田村","C156.85": "平塚市 達上ケ丘","C156.86": "平塚市 土屋","C156.87": "平塚市 堤町","C156.88": "平塚市 寺田縄","C156.89": "平塚市 唐ケ原","C156.90": "平塚市 徳延","C156.91": "平塚市 豊田打間木","C156.92": "平塚市 豊田小嶺","C156.93": "平塚市 豊田平等寺","C156.94": "平塚市 豊田本郷","C156.95": "平塚市 豊田宮下","C156.96": "平塚市 豊原町","C156.97": "平塚市 中里","C156.98": "平塚市 中堂","C156.99": "平塚市 長瀞","C156.100": "平塚市 中原","C156.101": "平塚市 中原上宿","C156.102": "平塚市 中原下宿","C156.103": "平塚市 長持","C156.104": "平塚市 撫子原","C156.105": "平塚市 虹ケ浜","C156.106": "平塚市 錦町","C156.107": "平塚市 西真土","C156.108": "平塚市 西八幡","C156.109": "平塚市 根坂間","C156.110": "平塚市 花水台","C156.111": "平塚市 馬入","C156.112": "平塚市 馬入本町","C156.113": "平塚市 東真土","C156.114": "平塚市 東豊田","C156.115": "平塚市 東中原","C156.116": "平塚市 東八幡","C156.117": "平塚市 日向岡","C156.118": "平塚市 平塚","C156.119": "平塚市 広川","C156.120": "平塚市 富士見町","C156.121": "平塚市 ふじみ野","C156.122": "平塚市 札場町","C156.123": "平塚市 紅谷町","C156.124": "平塚市 松風町","C156.125": "平塚市 纒","C156.126": "平塚市 万田","C156.127": "平塚市 見附町","C156.128": "平塚市 南金目","C156.129": "平塚市 南豊田","C156.130": "平塚市 南原","C156.131": "平塚市 宮の前","C156.132": "平塚市 宮松町","C156.133": "平塚市 めぐみが丘","C156.134": "平塚市 桃浜町","C156.135": "平塚市 八重咲町","C156.136": "平塚市 八千代町","C156.137": "平塚市 山下","C156.138": "平塚市 八幡","C156.139": "平塚市 夕陽ケ丘","C156.140": "平塚市 横内","C156.141": "平塚市 吉際","C156.142": "平塚市 龍城ケ丘","C156.143": "鎌倉市 稲村ガ崎","C156.144": "鎌倉市 今泉","C156.145": "鎌倉市 今泉台","C156.146": "鎌倉市 岩瀬","C156.147": "鎌倉市 植木","C156.148": "鎌倉市 扇ガ谷","C156.149": "鎌倉市 大船","C156.150": "鎌倉市 大町","C156.151": "鎌倉市 岡本","C156.152": "鎌倉市 御成町","C156.153": "鎌倉市 梶原","C156.154": "鎌倉市 鎌倉山","C156.155": "鎌倉市 上町屋","C156.156": "鎌倉市 極楽寺","C156.157": "鎌倉市 腰越","C156.158": "鎌倉市 小袋谷","C156.159": "鎌倉市 小町","C156.160": "鎌倉市 材木座","C156.161": "鎌倉市 坂ノ下","C156.162": "鎌倉市 笹目町","C156.163": "鎌倉市 佐助","C156.164": "鎌倉市 七里ガ浜","C156.165": "鎌倉市 七里ガ浜東","C156.166": "鎌倉市 十二所","C156.167": "鎌倉市 浄明寺","C156.168": "鎌倉市 城廻","C156.169": "鎌倉市 関谷","C156.170": "鎌倉市 台","C156.171": "鎌倉市 高野","C156.172": "鎌倉市 玉縄","C156.173": "鎌倉市 津","C156.174": "鎌倉市 津西","C156.175": "鎌倉市 手広","C156.176": "鎌倉市 寺分","C156.177": "鎌倉市 常盤","C156.178": "鎌倉市 二階堂","C156.179": "鎌倉市 西鎌倉","C156.180": "鎌倉市 西御門","C156.181": "鎌倉市 長谷","C156.182": "鎌倉市 笛田","C156.183": "鎌倉市 山崎","C156.184": "鎌倉市 山ノ内","C156.185": "鎌倉市 由比ガ浜","C156.186": "鎌倉市 雪ノ下","C156.187": "藤沢市 朝日町","C156.188": "藤沢市 石川","C156.189": "藤沢市 稲荷","C156.190": "藤沢市 今田","C156.191": "藤沢市 打戻","C156.192": "藤沢市 江の島","C156.193": "藤沢市 円行","C156.194": "藤沢市 遠藤","C156.195": "藤沢市 大庭","C156.196": "藤沢市 獺郷","C156.197": "藤沢市 片瀬","C156.198": "藤沢市 片瀬海岸","C156.199": "藤沢市 片瀬目白山","C156.200": "藤沢市 片瀬山","C156.201": "藤沢市 亀井野","C156.202": "藤沢市 柄沢","C156.203": "藤沢市 川名","C156.204": "藤沢市 桐原町","C156.205": "藤沢市 鵠沼","C156.206": "藤沢市 鵠沼石上","C156.207": "藤沢市 鵠沼海岸","C156.208": "藤沢市 鵠沼桜が岡","C156.209": "藤沢市 鵠沼神明","C156.210": "藤沢市 鵠沼橘","C156.211": "藤沢市 鵠沼花沢町","C156.212": "藤沢市 鵠沼東","C156.213": "藤沢市 鵠沼藤が谷","C156.214": "藤沢市 鵠沼松が岡","C156.215": "藤沢市 葛原","C156.216": "藤沢市 小塚","C156.217": "藤沢市 下土棚","C156.218": "藤沢市 城南","C156.219": "藤沢市 湘南台","C156.220": "藤沢市 菖蒲沢","C156.221": "藤沢市 白旗","C156.222": "藤沢市 善行","C156.223": "藤沢市 善行坂","C156.224": "藤沢市 善行団地","C156.225": "藤沢市 大鋸","C156.226": "藤沢市 高倉","C156.227": "藤沢市 高谷","C156.228": "藤沢市 立石","C156.229": "藤沢市 長後","C156.230": "藤沢市 辻堂","C156.231": "藤沢市 辻堂神台","C156.232": "藤沢市 辻堂新町","C156.233": "藤沢市 辻堂太平台","C156.234": "藤沢市 辻堂西海岸","C156.235": "藤沢市 辻堂東海岸","C156.236": "藤沢市 辻堂元町","C156.237": "藤沢市 土棚","C156.238": "藤沢市 天神町","C156.239": "藤沢市 西富","C156.240": "藤沢市 西俣野","C156.241": "藤沢市 羽鳥","C156.242": "藤沢市 花の木","C156.243": "藤沢市 藤が岡","C156.244": "藤沢市 藤沢","C156.245": "藤沢市 本鵠沼","C156.246": "藤沢市 本町","C156.247": "藤沢市 本藤沢","C156.248": "藤沢市 みその台","C156.249": "藤沢市 南藤沢","C156.250": "藤沢市 宮原","C156.251": "藤沢市 宮前","C156.252": "藤沢市 弥勒寺","C156.253": "藤沢市 村岡東","C156.254": "藤沢市 用田","C156.255": "藤沢市 渡内","C156.256": "小田原市 穴部","C156.257": "小田原市 穴部新田","C156.258": "小田原市 新屋","C156.259": "小田原市 飯泉","C156.260": "小田原市 飯田岡","C156.261": "小田原市 池上","C156.262": "小田原市 井細田","C156.263": "小田原市 石橋","C156.264": "小田原市 板橋","C156.265": "小田原市 入生田","C156.266": "小田原市 江之浦","C156.267": "小田原市 扇町","C156.268": "小田原市 荻窪","C156.269": "小田原市 小竹","C156.270": "小田原市 鬼柳","C156.271": "小田原市 小船","C156.272": "小田原市 風祭","C156.273": "小田原市 上町","C156.274": "小田原市 上新田","C156.275": "小田原市 上曽我","C156.276": "小田原市 鴨宮","C156.277": "小田原市 栢山","C156.278": "小田原市 川匂","C156.279": "小田原市 北ノ窪","C156.280": "小田原市 久野","C156.281": "小田原市 桑原","C156.282": "小田原市 国府津","C156.283": "小田原市 小台","C156.284": "小田原市 寿町","C156.285": "小田原市 米神","C156.286": "小田原市 小八幡","C156.287": "小田原市 栄町","C156.288": "小田原市 酒匂","C156.289": "小田原市 清水新田","C156.290": "小田原市 下大井","C156.291": "小田原市 下新田","C156.292": "小田原市 下堀","C156.293": "小田原市 十字","C156.294": "小田原市 城内","C156.295": "小田原市 城山","C156.296": "小田原市 曽我大沢","C156.297": "小田原市 曽我岸","C156.298": "小田原市 曽我光海","C156.299": "小田原市 曽我原","C156.300": "小田原市 曽我別所"}}