{"ja-JP": {"C157.1": "小田原市 曽我谷津","C157.2": "小田原市 曽比","C157.3": "小田原市 高田","C157.4": "小田原市 多古","C157.5": "小田原市 田島","C157.6": "小田原市 千代","C157.7": "小田原市 中里","C157.8": "小田原市 中新田","C157.9": "小田原市 中曽根","C157.10": "小田原市 中町","C157.11": "小田原市 永塚","C157.12": "小田原市 中村原","C157.13": "小田原市 成田","C157.14": "小田原市 西大友","C157.15": "小田原市 西酒匂","C157.16": "小田原市 沼代","C157.17": "小田原市 根府川","C157.18": "小田原市 延清","C157.19": "小田原市 羽根尾","C157.20": "小田原市 浜町","C157.21": "小田原市 早川","C157.22": "小田原市 東大友","C157.23": "小田原市 東ヶ丘","C157.24": "小田原市 東町","C157.25": "小田原市 府川","C157.26": "小田原市 別堀","C157.27": "小田原市 堀之内","C157.28": "小田原市 本町","C157.29": "小田原市 前川","C157.30": "小田原市 水之尾","C157.31": "小田原市 緑","C157.32": "小田原市 南板橋","C157.33": "小田原市 南鴨宮","C157.34": "小田原市 南町","C157.35": "小田原市 谷津","C157.36": "小田原市 柳新田","C157.37": "小田原市 矢作","C157.38": "小田原市 山西","C157.39": "小田原市 蓮正寺","C157.40": "茅ヶ崎市 赤羽根","C157.41": "茅ヶ崎市 赤松町","C157.42": "茅ヶ崎市 旭が丘","C157.43": "茅ヶ崎市 甘沼","C157.44": "茅ヶ崎市 今宿","C157.45": "茅ヶ崎市 円蔵","C157.46": "茅ヶ崎市 香川","C157.47": "茅ヶ崎市 小桜町","C157.48": "茅ヶ崎市 小和田","C157.49": "茅ヶ崎市 幸町","C157.50": "茅ヶ崎市 汐見台","C157.51": "茅ヶ崎市 下寺尾","C157.52": "茅ヶ崎市 下町屋","C157.53": "茅ヶ崎市 十間坂","C157.54": "茅ヶ崎市 松林","C157.55": "茅ヶ崎市 白浜町","C157.56": "茅ヶ崎市 新栄町","C157.57": "茅ヶ崎市 芹沢","C157.58": "茅ヶ崎市 代官町","C157.59": "茅ヶ崎市 高田","C157.60": "茅ヶ崎市 茅ヶ崎","C157.61": "茅ヶ崎市 堤","C157.62": "茅ヶ崎市 鶴が台","C157.63": "茅ヶ崎市 出口町","C157.64": "茅ヶ崎市 常盤町","C157.65": "茅ヶ崎市 共恵","C157.66": "茅ヶ崎市 中海岸","C157.67": "茅ヶ崎市 中島","C157.68": "茅ヶ崎市 行谷","C157.69": "茅ヶ崎市 南湖","C157.70": "茅ヶ崎市 西久保","C157.71": "茅ヶ崎市 萩園","C157.72": "茅ヶ崎市 浜須賀","C157.73": "茅ヶ崎市 浜竹","C157.74": "茅ヶ崎市 浜之郷","C157.75": "茅ヶ崎市 浜見平","C157.76": "茅ヶ崎市 東海岸北","C157.77": "茅ヶ崎市 東海岸南","C157.78": "茅ヶ崎市 菱沼","C157.79": "茅ヶ崎市 菱沼海岸","C157.80": "茅ヶ崎市 ひばりが丘","C157.81": "茅ヶ崎市 富士見町","C157.82": "茅ヶ崎市 平太夫新田","C157.83": "茅ヶ崎市 平和町","C157.84": "茅ヶ崎市 本宿町","C157.85": "茅ヶ崎市 本村","C157.86": "茅ヶ崎市 松尾","C157.87": "茅ヶ崎市 松が丘","C157.88": "茅ヶ崎市 松風台","C157.89": "茅ヶ崎市 松浪","C157.90": "茅ヶ崎市 みずき","C157.91": "茅ヶ崎市 美住町","C157.92": "茅ヶ崎市 緑が浜","C157.93": "茅ヶ崎市 室田","C157.94": "茅ヶ崎市 元町","C157.95": "茅ヶ崎市 柳島","C157.96": "茅ヶ崎市 柳島海岸","C157.97": "茅ヶ崎市 矢畑","C157.98": "茅ヶ崎市 若松町","C157.99": "逗子市 池子","C157.100": "逗子市 小坪","C157.101": "逗子市 桜山","C157.102": "逗子市 新宿","C157.103": "逗子市 逗子","C157.104": "逗子市 沼間","C157.105": "逗子市 久木","C157.106": "逗子市 山の根","C157.107": "相模原市 若松","C157.108": "相模原市 下溝","C157.109": "相模原市 当麻","C157.110": "相模原市 高根","C157.111": "相模原市 由野台","C157.112": "相模原市 松が丘","C157.113": "相模原市 緑が丘","C157.114": "相模原市 青葉","C157.115": "相模原市 陽光台","C157.116": "相模原市 並木","C157.117": "相模原市 麻溝台","C157.118": "相模原市 東大沼","C157.119": "相模原市 光が丘","C157.120": "相模原市 上矢部","C157.121": "相模原市 相武台","C157.122": "相模原市 新磯野","C157.123": "相模原市 元橋本町","C157.124": "相模原市 弥栄","C157.125": "相模原市 新戸","C157.126": "相模原市 北里","C157.127": "相模原市 西大沼","C157.128": "相模原市 淵野辺本町","C157.129": "相模原市 東淵野辺","C157.130": "相模原市 古淵","C157.131": "相模原市 淵野辺","C157.132": "相模原市 矢部新町","C157.133": "相模原市 大野台","C157.134": "相模原市 磯部","C157.135": "相模原市 相模湖町寸沢嵐","C157.136": "相模原市 津久井町太井","C157.137": "相模原市 相武台団地","C157.138": "相模原市 宮下本町","C157.139": "相模原市 大山町","C157.140": "相模原市 小山","C157.141": "相模原市 東橋本","C157.142": "相模原市 橋本","C157.143": "相模原市 相原","C157.144": "相模原市 藤野町牧野","C157.145": "相模原市 藤野町日連","C157.146": "相模原市 藤野町小渕","C157.147": "相模原市 藤野町吉野","C157.148": "相模原市 藤野町名倉","C157.149": "相模原市 藤野町佐野川","C157.150": "相模原市 相模原","C157.151": "相模原市 相模湖町若柳","C157.152": "相模原市 相模湖町千木良","C157.153": "相模原市 相模湖町小原","C157.154": "相模原市 相模湖町与瀬本町","C157.155": "相模原市 相模湖町与瀬","C157.156": "相模原市 中央","C157.157": "相模原市 星が丘","C157.158": "相模原市 千代田","C157.159": "相模原市 富士見","C157.160": "相模原市 相生","C157.161": "相模原市 共和","C157.162": "相模原市 鹿沼台","C157.163": "相模原市 矢部","C157.164": "相模原市 藤野町澤井","C157.165": "相模原市 城山町中沢","C157.166": "相模原市 津久井町長竹","C157.167": "相模原市 大島","C157.168": "相模原市 上九沢","C157.169": "相模原市 二本松","C157.170": "相模原市 津久井町青野原","C157.171": "相模原市 津久井町三ケ木","C157.172": "相模原市 津久井町又野","C157.173": "相模原市 津久井町中野","C157.174": "相模原市 津久井町青山","C157.175": "相模原市 津久井町鳥屋","C157.176": "相模原市 宮下","C157.177": "相模原市 津久井町根小屋","C157.178": "相模原市 南橋本","C157.179": "相模原市 津久井町三井","C157.180": "相模原市 橋本台","C157.181": "相模原市 城山町城山","C157.182": "相模原市 城山町小倉","C157.183": "相模原市 城山町葉山島","C157.184": "相模原市 城山町谷ヶ原","C157.185": "相模原市 城山町若葉台","C157.186": "相模原市 城山町川尻","C157.187": "相模原市 城山町広田","C157.188": "相模原市 城山町久保沢","C157.189": "相模原市 城山町向原","C157.190": "相模原市 城山町原宿南","C157.191": "相模原市 城山町原宿","C157.192": "相模原市 城山町町屋","C157.193": "相模原市 津久井町青根","C157.194": "相模原市 上鶴間","C157.195": "相模原市 相模台","C157.196": "相模原市 上鶴間本町","C157.197": "相模原市 御園","C157.198": "相模原市 双葉","C157.199": "相模原市 桜台","C157.200": "相模原市 南台","C157.201": "相模原市 松が枝町","C157.202": "相模原市 相南","C157.203": "相模原市 東林間","C157.204": "相模原市 文京","C157.205": "相模原市 栄町","C157.206": "相模原市 豊町","C157.207": "相模原市 下九沢","C157.208": "相模原市 相模大野","C157.209": "相模原市 横山台","C157.210": "相模原市 西橋本","C157.211": "相模原市 水郷田名","C157.212": "相模原市 田名塩田","C157.213": "相模原市 田名","C157.214": "相模原市 上溝","C157.215": "相模原市 旭町","C157.216": "相模原市 横山","C157.217": "相模原市 相模台団地","C157.218": "相模原市 小町通","C157.219": "相模原市 清新","C157.220": "相模原市 氷川町","C157.221": "相模原市 向陽町","C157.222": "相模原市 すすきの町","C157.223": "相模原市 鵜野森","C157.224": "三浦市 尾上町","C157.225": "三浦市 海外町","C157.226": "三浦市 岬陽町","C157.227": "三浦市 栄町","C157.228": "三浦市 白石町","C157.229": "三浦市 城山町","C157.230": "三浦市 諏訪町","C157.231": "三浦市 天神町","C157.232": "三浦市 初声町入江","C157.233": "三浦市 初声町高円坊","C157.234": "三浦市 初声町下宮田","C157.235": "三浦市 初声町三戸","C157.236": "三浦市 初声町和田","C157.237": "三浦市 原町","C157.238": "三浦市 晴海町","C157.239": "三浦市 東岡町","C157.240": "三浦市 三崎","C157.241": "三浦市 三崎町小網代","C157.242": "三浦市 三崎町城ケ島","C157.243": "三浦市 三崎町六合","C157.244": "三浦市 三崎町諸磯","C157.245": "三浦市 南下浦町金田","C157.246": "三浦市 南下浦町上宮田","C157.247": "三浦市 南下浦町菊名","C157.248": "三浦市 南下浦町毘沙門","C157.249": "三浦市 南下浦町松輪","C157.250": "三浦市 宮川町","C157.251": "三浦市 向ケ崎町","C157.252": "秦野市 今泉","C157.253": "秦野市 今泉台","C157.254": "秦野市 今川町","C157.255": "秦野市 入船町","C157.256": "秦野市 尾尻","C157.257": "秦野市 落合","C157.258": "秦野市 春日町","C157.259": "秦野市 上今川町","C157.260": "秦野市 上大槻","C157.261": "秦野市 河原町","C157.262": "秦野市 北矢名","C157.263": "秦野市 寿町","C157.264": "秦野市 小蓑毛","C157.265": "秦野市 幸町","C157.266": "秦野市 栄町","C157.267": "秦野市 桜町","C157.268": "秦野市 三屋","C157.269": "秦野市 渋沢","C157.270": "秦野市 渋沢上","C157.271": "秦野市 清水町","C157.272": "秦野市 下大槻","C157.273": "秦野市 下落合","C157.274": "秦野市 菖蒲","C157.275": "秦野市 新町","C157.276": "秦野市 水神町","C157.277": "秦野市 末広町","C157.278": "秦野市 鈴張町","C157.279": "秦野市 曽屋","C157.280": "秦野市 大秦町","C157.281": "秦野市 立野台","C157.282": "秦野市 千村","C157.283": "秦野市 鶴巻","C157.284": "秦野市 鶴巻北","C157.285": "秦野市 鶴巻南","C157.286": "秦野市 寺山","C157.287": "秦野市 戸川","C157.288": "秦野市 栃窪","C157.289": "秦野市 名古木","C157.290": "秦野市 並木町","C157.291": "秦野市 西大竹","C157.292": "秦野市 西田原","C157.293": "秦野市 沼代新町","C157.294": "秦野市 萩が丘","C157.295": "秦野市 八沢","C157.296": "秦野市 羽根","C157.297": "秦野市 東田原","C157.298": "秦野市 ひばりケ丘","C157.299": "秦野市 平沢","C157.300": "秦野市 富士見町"}}