{"ja-JP": {"C162.1": "足立区 千住緑町","C162.2": "足立区 千住宮元町","C162.3": "足立区 千住元町","C162.4": "足立区 千住柳町","C162.5": "足立区 竹の塚","C162.6": "足立区 辰沼","C162.7": "足立区 中央本町","C162.8": "足立区 椿","C162.9": "足立区 東和","C162.10": "足立区 舎人","C162.11": "足立区 舎人公園","C162.12": "足立区 舎人町","C162.13": "足立区 中川","C162.14": "足立区 西綾瀬","C162.15": "足立区 西新井","C162.16": "足立区 西新井栄町","C162.17": "足立区 西新井本町","C162.18": "足立区 西伊興","C162.19": "足立区 西伊興町","C162.20": "足立区 西加平","C162.21": "足立区 西竹の塚","C162.22": "足立区 西保木間","C162.23": "足立区 花畑","C162.24": "足立区 東綾瀬","C162.25": "足立区 東伊興","C162.26": "足立区 東保木間","C162.27": "足立区 東六月町","C162.28": "足立区 一ツ家","C162.29": "足立区 日ノ出町","C162.30": "足立区 平野","C162.31": "足立区 保木間","C162.32": "足立区 保塚町","C162.33": "足立区 堀之内","C162.34": "足立区 南花畑","C162.35": "足立区 宮城","C162.36": "足立区 六木","C162.37": "足立区 本木","C162.38": "足立区 本木北町","C162.39": "足立区 本木西町","C162.40": "足立区 本木東町","C162.41": "足立区 本木南町","C162.42": "足立区 谷在家","C162.43": "足立区 谷中","C162.44": "足立区 柳原","C162.45": "足立区 六月","C162.46": "足立区 六町","C162.47": "葛飾区 青戸","C162.48": "葛飾区 奥戸","C162.49": "葛飾区 お花茶屋","C162.50": "葛飾区 金町","C162.51": "葛飾区 金町浄水場","C162.52": "葛飾区 鎌倉","C162.53": "葛飾区 亀有","C162.54": "葛飾区 小菅","C162.55": "葛飾区 柴又","C162.56": "葛飾区 白鳥","C162.57": "葛飾区 新小岩","C162.58": "葛飾区 高砂","C162.59": "葛飾区 宝町","C162.60": "葛飾区 立石","C162.61": "葛飾区 新宿","C162.62": "葛飾区 西亀有","C162.63": "葛飾区 西新小岩","C162.64": "葛飾区 西水元","C162.65": "葛飾区 東金町","C162.66": "葛飾区 東新小岩","C162.67": "葛飾区 東立石","C162.68": "葛飾区 東堀切","C162.69": "葛飾区 東水元","C162.70": "葛飾区 東四つ木","C162.71": "葛飾区 細田","C162.72": "葛飾区 堀切","C162.73": "葛飾区 水元","C162.74": "葛飾区 水元公園","C162.75": "葛飾区 南水元","C162.76": "葛飾区 四つ木","C162.77": "江戸川区 西瑞江","C162.78": "江戸川区 一之江","C162.79": "江戸川区 一之江町","C162.80": "江戸川区 宇喜田町","C162.81": "江戸川区 江戸川","C162.82": "江戸川区 大杉","C162.83": "江戸川区 興宮町","C162.84": "江戸川区 上一色","C162.85": "江戸川区 上篠崎","C162.86": "江戸川区 北葛西","C162.87": "江戸川区 北小岩","C162.88": "江戸川区 北篠崎","C162.89": "江戸川区 小松川","C162.90": "江戸川区 鹿骨","C162.91": "江戸川区 鹿骨町","C162.92": "江戸川区 篠崎町","C162.93": "江戸川区 下篠崎町","C162.94": "江戸川区 清新町","C162.95": "江戸川区 中央","C162.96": "江戸川区 中葛西","C162.97": "江戸川区 新堀","C162.98": "江戸川区 西一之江","C162.99": "江戸川区 西葛西","C162.100": "江戸川区 西小岩","C162.101": "江戸川区 西小松川町","C162.102": "江戸川区 西篠崎","C162.103": "江戸川区 二之江町","C162.104": "江戸川区 春江町","C162.105": "江戸川区 東葛西","C162.106": "江戸川区 東小岩","C162.107": "江戸川区 東小松川","C162.108": "江戸川区 東篠崎","C162.109": "江戸川区 東篠崎町","C162.110": "江戸川区 東松本","C162.111": "江戸川区 東瑞江","C162.112": "江戸川区 平井","C162.113": "江戸川区 船堀","C162.114": "江戸川区 本一色","C162.115": "江戸川区 松江","C162.116": "江戸川区 松島","C162.117": "江戸川区 松本","C162.118": "江戸川区 瑞江","C162.119": "江戸川区 南葛西","C162.120": "江戸川区 南小岩","C162.121": "江戸川区 南篠崎町","C162.122": "江戸川区 谷河内","C162.123": "江戸川区 臨海町","C162.124": "八王子市 暁町","C162.125": "八王子市 旭町","C162.126": "八王子市 東町","C162.127": "八王子市 石川町","C162.128": "八王子市 泉町","C162.129": "八王子市 犬目町","C162.130": "八王子市 上野町","C162.131": "八王子市 打越町","C162.132": "八王子市 宇津木町","C162.133": "八王子市 宇津貫町","C162.134": "八王子市 梅坪町","C162.135": "八王子市 裏高尾町","C162.136": "八王子市 追分町","C162.137": "八王子市 大塚","C162.138": "八王子市 大船町","C162.139": "八王子市 大谷町","C162.140": "八王子市 大横町","C162.141": "八王子市 大和田町","C162.142": "八王子市 小門町","C162.143": "八王子市 尾崎町","C162.144": "八王子市 小津町","C162.145": "八王子市 鹿島","C162.146": "八王子市 加住町","C162.147": "八王子市 片倉町","C162.148": "八王子市 叶谷町","C162.149": "八王子市 上壱分方町","C162.150": "八王子市 上恩方町","C162.151": "八王子市 上川町","C162.152": "八王子市 上柚木","C162.153": "八王子市 川口町","C162.154": "八王子市 川町","C162.155": "八王子市 北野台","C162.156": "八王子市 北野町","C162.157": "八王子市 絹ケ丘","C162.158": "八王子市 清川町","C162.159": "八王子市 椚田町","C162.160": "八王子市 久保山町","C162.161": "八王子市 越野","C162.162": "八王子市 小比企町","C162.163": "八王子市 小宮町","C162.164": "八王子市 子安町","C162.165": "八王子市 左入町","C162.166": "八王子市 散田町","C162.167": "八王子市 下恩方町","C162.168": "八王子市 下柚木","C162.169": "八王子市 城山手","C162.170": "八王子市 新町","C162.171": "八王子市 諏訪町","C162.172": "八王子市 千人町","C162.173": "八王子市 台町","C162.174": "八王子市 大楽寺町","C162.175": "八王子市 平町","C162.176": "八王子市 高尾町","C162.177": "八王子市 高倉町","C162.178": "八王子市 高月町","C162.179": "八王子市 滝山町","C162.180": "八王子市 館町","C162.181": "八王子市 田町","C162.182": "八王子市 丹木町","C162.183": "八王子市 寺田町","C162.184": "八王子市 寺町","C162.185": "八王子市 天神町","C162.186": "八王子市 廿里町","C162.187": "八王子市 戸吹町","C162.188": "八王子市 中町","C162.189": "八王子市 長沼町","C162.190": "八王子市 中野上町","C162.191": "八王子市 中野山王","C162.192": "八王子市 中野町","C162.193": "八王子市 長房町","C162.194": "八王子市 中山","C162.195": "八王子市 七国","C162.196": "八王子市 並木町","C162.197": "八王子市 楢原町","C162.198": "八王子市 南陽台","C162.199": "八王子市 西浅川町","C162.200": "八王子市 西片倉","C162.201": "八王子市 西寺方町","C162.202": "八王子市 弐分方町","C162.203": "八王子市 狭間町","C162.204": "八王子市 八幡町","C162.205": "八王子市 初沢町","C162.206": "八王子市 東浅川町","C162.207": "八王子市 東中野","C162.208": "八王子市 兵衛","C162.209": "八王子市 日吉町","C162.210": "八王子市 平岡町","C162.211": "八王子市 富士見町","C162.212": "八王子市 別所","C162.213": "八王子市 堀之内","C162.214": "八王子市 本郷町","C162.215": "八王子市 本町","C162.216": "八王子市 松が谷","C162.217": "八王子市 松木","C162.218": "八王子市 丸山町","C162.219": "八王子市 三崎町","C162.220": "八王子市 みつい台","C162.221": "八王子市 緑町","C162.222": "八王子市 南浅川町","C162.223": "八王子市 南大沢","C162.224": "八王子市 南新町","C162.225": "八王子市 南町","C162.226": "八王子市 みなみ野","C162.227": "八王子市 宮下町","C162.228": "八王子市 美山町","C162.229": "八王子市 明神町","C162.230": "八王子市 めじろ台","C162.231": "八王子市 元八王子町","C162.232": "八王子市 元本郷町","C162.233": "八王子市 元横山町","C162.234": "八王子市 八木町","C162.235": "八王子市 谷野町","C162.236": "八王子市 山田町","C162.237": "八王子市 鑓水","C162.238": "八王子市 八日町","C162.239": "八王子市 横川町","C162.240": "八王子市 横山町","C162.241": "八王子市 四谷町","C162.242": "八王子市 万町","C162.243": "立川市 曙町","C162.244": "立川市 泉町","C162.245": "立川市 一番町","C162.246": "立川市 柏町","C162.247": "立川市 上砂町","C162.248": "立川市 幸町","C162.249": "立川市 栄町","C162.250": "立川市 柴崎町","C162.251": "立川市 砂川町","C162.252": "立川市 高松町","C162.253": "立川市 錦町","C162.254": "立川市 西砂町","C162.255": "立川市 羽衣町","C162.256": "立川市 富士見町","C162.257": "立川市 緑町","C162.258": "立川市 若葉町","C162.259": "武蔵野市 吉祥寺北町","C162.260": "武蔵野市 吉祥寺東町","C162.261": "武蔵野市 吉祥寺本町","C162.262": "武蔵野市 吉祥寺南町","C162.263": "武蔵野市 境南町","C162.264": "武蔵野市 御殿山","C162.265": "武蔵野市 境","C162.266": "武蔵野市 桜堤","C162.267": "武蔵野市 関前","C162.268": "武蔵野市 中町","C162.269": "武蔵野市 西久保","C162.270": "武蔵野市 緑町","C162.271": "武蔵野市 八幡町","C162.272": "三鷹市 井口","C162.273": "三鷹市 井の頭","C162.274": "三鷹市 大沢","C162.275": "三鷹市 上連雀","C162.276": "三鷹市 北野","C162.277": "三鷹市 下連雀","C162.278": "三鷹市 新川","C162.279": "三鷹市 深大寺","C162.280": "三鷹市 中原","C162.281": "三鷹市 野崎","C162.282": "三鷹市 牟礼","C162.283": "青梅市 天ケ瀬町","C162.284": "青梅市 今井","C162.285": "青梅市 今寺","C162.286": "青梅市 裏宿町","C162.287": "青梅市 大柳町","C162.288": "青梅市 小曾木","C162.289": "青梅市 勝沼","C162.290": "青梅市 河辺町","C162.291": "青梅市 上町","C162.292": "青梅市 木野下","C162.293": "青梅市 黒沢","C162.294": "青梅市 駒木町","C162.295": "青梅市 沢井","C162.296": "青梅市 塩船","C162.297": "青梅市 新町","C162.298": "青梅市 末広町","C162.299": "青梅市 住江町","C162.300": "青梅市 大門"}}