{"ja-JP": {"C163.1": "青梅市 滝ノ上町","C163.2": "青梅市 千ケ瀬町","C163.3": "青梅市 富岡","C163.4": "青梅市 友田町","C163.5": "青梅市 仲町","C163.6": "青梅市 長淵","C163.7": "青梅市 成木","C163.8": "青梅市 西分町","C163.9": "青梅市 根ケ布","C163.10": "青梅市 野上町","C163.11": "青梅市 梅郷","C163.12": "青梅市 畑中","C163.13": "青梅市 東青梅","C163.14": "青梅市 日向和田","C163.15": "青梅市 吹上","C163.16": "青梅市 藤橋","C163.17": "青梅市 二俣尾","C163.18": "青梅市 本町","C163.19": "青梅市 御岳","C163.20": "青梅市 御岳山","C163.21": "青梅市 御岳本町","C163.22": "青梅市 森下町","C163.23": "青梅市 師岡町","C163.24": "青梅市 谷野","C163.25": "青梅市 柚木町","C163.26": "青梅市 和田町","C163.27": "府中市 朝日町","C163.28": "府中市 押立町","C163.29": "府中市 片町","C163.30": "府中市 北山町","C163.31": "府中市 寿町","C163.32": "府中市 小柳町","C163.33": "府中市 是政","C163.34": "府中市 幸町","C163.35": "府中市 栄町","C163.36": "府中市 清水が丘","C163.37": "府中市 白糸台","C163.38": "府中市 新町","C163.39": "府中市 住吉町","C163.40": "府中市 浅間町","C163.41": "府中市 多磨町","C163.42": "府中市 天神町","C163.43": "府中市 東芝町","C163.44": "府中市 西原町","C163.45": "府中市 西府町","C163.46": "府中市 日鋼町","C163.47": "府中市 日新町","C163.48": "府中市 八幡町","C163.49": "府中市 晴見町","C163.50": "府中市 日吉町","C163.51": "府中市 府中町","C163.52": "府中市 分梅町","C163.53": "府中市 本宿町","C163.54": "府中市 本町","C163.55": "府中市 緑町","C163.56": "府中市 南町","C163.57": "府中市 宮西町","C163.58": "府中市 宮町","C163.59": "府中市 美好町","C163.60": "府中市 武蔵台","C163.61": "府中市 紅葉丘","C163.62": "府中市 矢崎町","C163.63": "府中市 四谷","C163.64": "府中市 若松町","C163.65": "昭島市 朝日町","C163.66": "昭島市 東町","C163.67": "昭島市 大神町","C163.68": "昭島市 郷地町","C163.69": "昭島市 上川原町","C163.70": "昭島市 昭和町","C163.71": "昭島市 田中町","C163.72": "昭島市 玉川町","C163.73": "昭島市 築地町","C163.74": "昭島市 つつじが丘","C163.75": "昭島市 中神町","C163.76": "昭島市 拝島町","C163.77": "昭島市 福島町","C163.78": "昭島市 松原町","C163.79": "昭島市 緑町","C163.80": "昭島市 美堀町","C163.81": "昭島市 宮沢町","C163.82": "昭島市 武蔵野","C163.83": "昭島市 もくせいの杜","C163.84": "調布市 入間町","C163.85": "調布市 上石原","C163.86": "調布市 菊野台","C163.87": "調布市 国領町","C163.88": "調布市 小島町","C163.89": "調布市 佐須町","C163.90": "調布市 柴崎","C163.91": "調布市 下石原","C163.92": "調布市 深大寺北町","C163.93": "調布市 深大寺東町","C163.94": "調布市 深大寺南町","C163.95": "調布市 深大寺元町","C163.96": "調布市 仙川町","C163.97": "調布市 染地","C163.98": "調布市 多摩川","C163.99": "調布市 調布ケ丘","C163.100": "調布市 飛田給","C163.101": "調布市 西つつじケ丘","C163.102": "調布市 西町","C163.103": "調布市 野水","C163.104": "調布市 東つつじケ丘","C163.105": "調布市 富士見町","C163.106": "調布市 布田","C163.107": "調布市 緑ケ丘","C163.108": "調布市 八雲台","C163.109": "調布市 若葉町","C163.110": "町田市 相原町","C163.111": "町田市 旭町","C163.112": "町田市 大蔵町","C163.113": "町田市 小川","C163.114": "町田市 小野路町","C163.115": "町田市 小山ヶ丘","C163.116": "町田市 小山田桜台","C163.117": "町田市 小山町","C163.118": "町田市 金井","C163.119": "町田市 金井町","C163.120": "町田市 金森","C163.121": "町田市 金森東","C163.122": "町田市 上小山田町","C163.123": "町田市 木曽西","C163.124": "町田市 木曽東","C163.125": "町田市 木曽町","C163.126": "町田市 高ヶ坂","C163.127": "町田市 下小山田町","C163.128": "町田市 真光寺","C163.129": "町田市 真光寺町","C163.130": "町田市 図師町","C163.131": "町田市 忠生","C163.132": "町田市 玉川学園","C163.133": "町田市 つくし野","C163.134": "町田市 鶴川","C163.135": "町田市 鶴間","C163.136": "町田市 常盤町","C163.137": "町田市 中町","C163.138": "町田市 成瀬","C163.139": "町田市 成瀬が丘","C163.140": "町田市 成瀬台","C163.141": "町田市 西成瀬","C163.142": "町田市 根岸","C163.143": "町田市 根岸町","C163.144": "町田市 能ヶ谷","C163.145": "町田市 野津田町","C163.146": "町田市 原町田","C163.147": "町田市 東玉川学園","C163.148": "町田市 広袴","C163.149": "町田市 広袴町","C163.150": "町田市 本町田","C163.151": "町田市 南大谷","C163.152": "町田市 南つくし野","C163.153": "町田市 南成瀬","C163.154": "町田市 三輪町","C163.155": "町田市 三輪緑山","C163.156": "町田市 森野","C163.157": "町田市 薬師台","C163.158": "町田市 矢部町","C163.159": "町田市 山崎","C163.160": "町田市 山崎町","C163.161": "小金井市 梶野町","C163.162": "小金井市 桜町","C163.163": "小金井市 関野町","C163.164": "小金井市 中町","C163.165": "小金井市 貫井北町","C163.166": "小金井市 貫井南町","C163.167": "小金井市 東町","C163.168": "小金井市 本町","C163.169": "小金井市 前原町","C163.170": "小金井市 緑町","C163.171": "小平市 大沼町","C163.172": "小平市 小川町","C163.173": "小平市 小川西町","C163.174": "小平市 小川東町","C163.175": "小平市 学園西町","C163.176": "小平市 学園東町","C163.177": "小平市 喜平町","C163.178": "小平市 栄町","C163.179": "小平市 上水新町","C163.180": "小平市 上水本町","C163.181": "小平市 上水南町","C163.182": "小平市 鈴木町","C163.183": "小平市 たかの台","C163.184": "小平市 津田町","C163.185": "小平市 天神町","C163.186": "小平市 中島町","C163.187": "小平市 仲町","C163.188": "小平市 花小金井","C163.189": "小平市 花小金井南町","C163.190": "小平市 美園町","C163.191": "小平市 御幸町","C163.192": "小平市 回田町","C163.193": "日野市 旭が丘","C163.194": "日野市 新井","C163.195": "日野市 石田","C163.196": "日野市 大坂上","C163.197": "日野市 落川","C163.198": "日野市 上田","C163.199": "日野市 川辺堀之内","C163.200": "日野市 栄町","C163.201": "日野市 さくら町","C163.202": "日野市 下田","C163.203": "日野市 新町","C163.204": "日野市 神明","C163.205": "日野市 高幡","C163.206": "日野市 多摩平","C163.207": "日野市 豊田","C163.208": "日野市 西平山","C163.209": "日野市 東豊田","C163.210": "日野市 東平山","C163.211": "日野市 日野","C163.212": "日野市 日野台","C163.213": "日野市 日野本町","C163.214": "日野市 平山","C163.215": "日野市 富士町","C163.216": "日野市 程久保","C163.217": "日野市 万願寺","C163.218": "日野市 三沢","C163.219": "日野市 南平","C163.220": "日野市 宮","C163.221": "日野市 百草","C163.222": "東村山市 青葉町","C163.223": "東村山市 秋津町","C163.224": "東村山市 恩多町","C163.225": "東村山市 久米川町","C163.226": "東村山市 栄町","C163.227": "東村山市 諏訪町","C163.228": "東村山市 多摩湖町","C163.229": "東村山市 野口町","C163.230": "東村山市 萩山町","C163.231": "東村山市 富士見町","C163.232": "東村山市 本町","C163.233": "東村山市 美住町","C163.234": "東村山市 廻田町","C163.235": "国分寺市 泉町","C163.236": "国分寺市 北町","C163.237": "国分寺市 新町","C163.238": "国分寺市 高木町","C163.239": "国分寺市 戸倉","C163.240": "国分寺市 内藤","C163.241": "国分寺市 並木町","C163.242": "国分寺市 西恋ケ窪","C163.243": "国分寺市 西町","C163.244": "国分寺市 西元町","C163.245": "国分寺市 東恋ケ窪","C163.246": "国分寺市 東戸倉","C163.247": "国分寺市 東元町","C163.248": "国分寺市 光町","C163.249": "国分寺市 日吉町","C163.250": "国分寺市 富士本","C163.251": "国分寺市 本多","C163.252": "国分寺市 本町","C163.253": "国分寺市 南町","C163.254": "国立市 青柳","C163.255": "国立市 石田","C163.256": "国立市 泉","C163.257": "国立市 北","C163.258": "国立市 中","C163.259": "国立市 西","C163.260": "国立市 東","C163.261": "国立市 富士見台","C163.262": "国立市 矢川","C163.263": "国立市 谷保","C163.264": "福生市 牛浜","C163.265": "福生市 加美平","C163.266": "福生市 北田園","C163.267": "福生市 熊川","C163.268": "福生市 熊川二宮","C163.269": "福生市 志茂","C163.270": "福生市 東町","C163.271": "福生市 福生","C163.272": "福生市 福生二宮","C163.273": "福生市 本町","C163.274": "福生市 南田園","C163.275": "福生市 武蔵野台","C163.276": "福生市 横田基地内","C163.277": "狛江市 和泉本町","C163.278": "狛江市 猪方","C163.279": "狛江市 岩戸北","C163.280": "狛江市 岩戸南","C163.281": "狛江市 駒井町","C163.282": "狛江市 中和泉","C163.283": "狛江市 西和泉","C163.284": "狛江市 西野川","C163.285": "狛江市 東和泉","C163.286": "狛江市 東野川","C163.287": "狛江市 元和泉","C163.288": "東大和市 芋窪","C163.289": "東大和市 上北台","C163.290": "東大和市 清原","C163.291": "東大和市 湖畔","C163.292": "東大和市 桜が丘","C163.293": "東大和市 狭山","C163.294": "東大和市 清水","C163.295": "東大和市 新堀","C163.296": "東大和市 蔵敷","C163.297": "東大和市 高木","C163.298": "東大和市 立野","C163.299": "東大和市 多摩湖","C163.300": "東大和市 中央"}}