{"ja-JP": {"C168.1": "加須市 新井新田","C168.2": "加須市 阿良川","C168.3": "加須市 飯積","C168.4": "加須市 伊賀袋","C168.5": "加須市 今鉾","C168.6": "加須市 芋茎","C168.7": "加須市 牛重","C168.8": "加須市 内田ケ谷","C168.9": "加須市 生出","C168.10": "加須市 大桑","C168.11": "加須市 大越","C168.12": "加須市 大室","C168.13": "加須市 岡古井","C168.14": "加須市 小野袋","C168.15": "加須市 柏戸","C168.16": "加須市 上崎","C168.17": "加須市 上高柳","C168.18": "加須市 上種足","C168.19": "加須市 上樋遣川","C168.20": "加須市 上三俣","C168.21": "加須市 川口","C168.22": "加須市 騎西","C168.23": "加須市 北大桑","C168.24": "加須市 北小浜","C168.25": "加須市 北篠崎","C168.26": "加須市 北下新井","C168.27": "加須市 北辻","C168.28": "加須市 北平野","C168.29": "加須市 久下","C168.30": "加須市 串作","C168.31": "加須市 外記新田","C168.32": "加須市 鴻茎","C168.33": "加須市 琴寄","C168.34": "加須市 駒場","C168.35": "加須市 栄","C168.36": "加須市 佐波","C168.37": "加須市 志多見","C168.38": "加須市 下崎","C168.39": "加須市 下高柳","C168.40": "加須市 下種足","C168.41": "加須市 下樋遣川","C168.42": "加須市 下三俣","C168.43": "加須市 下谷","C168.44": "加須市 杓子木","C168.45": "加須市 正能","C168.46": "加須市 新川通","C168.47": "加須市 新利根","C168.48": "加須市 砂原","C168.49": "加須市 諏訪","C168.50": "加須市 外川","C168.51": "加須市 外田ケ谷","C168.52": "加須市 外野","C168.53": "加須市 大門町","C168.54": "加須市 多門寺","C168.55": "加須市 中央","C168.56": "加須市 常泉","C168.57": "加須市 東栄","C168.58": "加須市 道地","C168.59": "加須市 道目","C168.60": "加須市 戸川","C168.61": "加須市 戸崎","C168.62": "加須市 土手","C168.63": "加須市 戸室","C168.64": "加須市 豊野台","C168.65": "加須市 中種足","C168.66": "加須市 中ノ目","C168.67": "加須市 中樋遣川","C168.68": "加須市 中渡","C168.69": "加須市 西ノ谷","C168.70": "加須市 根古屋","C168.71": "加須市 旗井","C168.72": "加須市 鳩山町","C168.73": "加須市 花崎","C168.74": "加須市 花崎北","C168.75": "加須市 浜町","C168.76": "加須市 日出安","C168.77": "加須市 平永","C168.78": "加須市 富士見町","C168.79": "加須市 不動岡","C168.80": "加須市 船越","C168.81": "加須市 古川","C168.82": "加須市 細間","C168.83": "加須市 本郷","C168.84": "加須市 本町","C168.85": "加須市 間口","C168.86": "加須市 町屋新田","C168.87": "加須市 松永新田","C168.88": "加須市 水深","C168.89": "加須市 三俣","C168.90": "加須市 南大桑","C168.91": "加須市 南小浜","C168.92": "加須市 南篠崎","C168.93": "加須市 南町","C168.94": "加須市 向古河","C168.95": "加須市 麦倉","C168.96": "加須市 向川岸町","C168.97": "加須市 睦町","C168.98": "加須市 馬内","C168.99": "加須市 元町","C168.100": "加須市 柳生","C168.101": "加須市 弥兵衛","C168.102": "加須市 油井ケ島","C168.103": "加須市 陽光台","C168.104": "加須市 礼羽","C168.105": "加須市 割目","C168.106": "本庄市 朝日町","C168.107": "本庄市 新井","C168.108": "本庄市 五十子","C168.109": "本庄市 今井","C168.110": "本庄市 いまい台","C168.111": "本庄市 鵜森","C168.112": "本庄市 駅南","C168.113": "本庄市 小島","C168.114": "本庄市 小島南","C168.115": "本庄市 柏","C168.116": "本庄市 上仁手","C168.117": "本庄市 北堀","C168.118": "本庄市 共栄","C168.119": "本庄市 銀座","C168.120": "本庄市 久々宇","C168.121": "本庄市 栗崎","C168.122": "本庄市 けや木","C168.123": "本庄市 見福","C168.124": "本庄市 児玉町秋山","C168.125": "本庄市 児玉町飯倉","C168.126": "本庄市 児玉町稲沢","C168.127": "本庄市 児玉町入浅見","C168.128": "本庄市 児玉町太駄","C168.129": "本庄市 児玉町金屋","C168.130": "本庄市 児玉町上真下","C168.131": "本庄市 児玉町吉田林","C168.132": "本庄市 児玉町共栄","C168.133": "本庄市 児玉町元田","C168.134": "本庄市 児玉町河内","C168.135": "本庄市 児玉町小平","C168.136": "本庄市 児玉町児玉","C168.137": "本庄市 児玉町児玉南","C168.138": "本庄市 児玉町塩谷","C168.139": "本庄市 児玉町下浅見","C168.140": "本庄市 児玉町下真下","C168.141": "本庄市 児玉町高関","C168.142": "本庄市 児玉町高柳","C168.143": "本庄市 児玉町田端","C168.144": "本庄市 児玉町長沖","C168.145": "本庄市 児玉町八幡山","C168.146": "本庄市 児玉町蛭川","C168.147": "本庄市 児玉町保木野","C168.148": "本庄市 児玉町宮内","C168.149": "本庄市 寿","C168.150": "本庄市 小和瀬","C168.151": "本庄市 栄","C168.152": "本庄市 山王堂","C168.153": "本庄市 四季の里","C168.154": "本庄市 四方田","C168.155": "本庄市 下仁手","C168.156": "本庄市 下野堂","C168.157": "本庄市 杉山","C168.158": "本庄市 諏訪町","C168.159": "本庄市 台町","C168.160": "本庄市 滝瀬","C168.161": "本庄市 田中","C168.162": "本庄市 中央","C168.163": "本庄市 千代田","C168.164": "本庄市 照若町","C168.165": "本庄市 西五十子","C168.166": "本庄市 西富田","C168.167": "本庄市 仁手","C168.168": "本庄市 沼和田","C168.169": "本庄市 東五十子","C168.170": "本庄市 東台","C168.171": "本庄市 東富田","C168.172": "本庄市 日の出","C168.173": "本庄市 傍示堂","C168.174": "本庄市 堀田","C168.175": "本庄市 本庄","C168.176": "本庄市 前原","C168.177": "本庄市 万年寺","C168.178": "本庄市 緑","C168.179": "本庄市 南","C168.180": "本庄市 都島","C168.181": "本庄市 宮戸","C168.182": "本庄市 牧西","C168.183": "本庄市 本町","C168.184": "本庄市 若泉","C168.185": "本庄市 早稲田の杜","C168.186": "東松山市 あずま町","C168.187": "東松山市 石橋","C168.188": "東松山市 和泉町","C168.189": "東松山市 市ノ川","C168.190": "東松山市 今泉","C168.191": "東松山市 岩殿","C168.192": "東松山市 大黒部","C168.193": "東松山市 大谷","C168.194": "東松山市 岡","C168.195": "東松山市 御茶山町","C168.196": "東松山市 柏崎","C168.197": "東松山市 上押垂","C168.198": "東松山市 上唐子","C168.199": "東松山市 加美町","C168.200": "東松山市 上野本","C168.201": "東松山市 葛袋","C168.202": "東松山市 毛塚","C168.203": "東松山市 神戸","C168.204": "東松山市 小松原町","C168.205": "東松山市 五領町","C168.206": "東松山市 材木町","C168.207": "東松山市 幸町","C168.208": "東松山市 桜山台","C168.209": "東松山市 沢口町","C168.210": "東松山市 下青鳥","C168.211": "東松山市 下押垂","C168.212": "東松山市 下唐子","C168.213": "東松山市 下野本","C168.214": "東松山市 正代","C168.215": "東松山市 新郷","C168.216": "東松山市 新宿町","C168.217": "東松山市 神明町","C168.218": "東松山市 砂田町","C168.219": "東松山市 高坂","C168.220": "東松山市 田木","C168.221": "東松山市 殿山町","C168.222": "東松山市 西本宿","C168.223": "東松山市 野田","C168.224": "東松山市 白山台","C168.225": "東松山市 旗立台","C168.226": "東松山市 早俣","C168.227": "東松山市 坂東山","C168.228": "東松山市 東平","C168.229": "東松山市 日吉町","C168.230": "東松山市 古凍","C168.231": "東松山市 本町","C168.232": "東松山市 松風台","C168.233": "東松山市 松葉町","C168.234": "東松山市 松本町","C168.235": "東松山市 松山","C168.236": "東松山市 松山町","C168.237": "東松山市 美土里町","C168.238": "東松山市 宮鼻","C168.239": "東松山市 元宿","C168.240": "東松山市 箭弓町","C168.241": "東松山市 山崎町","C168.242": "東松山市 六反町","C168.243": "東松山市 六軒町","C168.244": "東松山市 若松町","C168.245": "春日部市 赤崎","C168.246": "春日部市 赤沼","C168.247": "春日部市 飯沼","C168.248": "春日部市 一ノ割","C168.249": "春日部市 牛島","C168.250": "春日部市 内牧","C168.251": "春日部市 梅田","C168.252": "春日部市 梅田本町","C168.253": "春日部市 榎","C168.254": "春日部市 大枝","C168.255": "春日部市 大沼","C168.256": "春日部市 大場","C168.257": "春日部市 大畑","C168.258": "春日部市 大衾","C168.259": "春日部市 粕壁","C168.260": "春日部市 粕壁東","C168.261": "春日部市 金崎","C168.262": "春日部市 上大増新田","C168.263": "春日部市 上金崎","C168.264": "春日部市 上吉妻","C168.265": "春日部市 上蛭田","C168.266": "春日部市 上柳","C168.267": "春日部市 神間","C168.268": "春日部市 木崎","C168.269": "春日部市 椚","C168.270": "春日部市 倉常","C168.271": "春日部市 小平","C168.272": "春日部市 小渕","C168.273": "春日部市 米崎","C168.274": "春日部市 米島","C168.275": "春日部市 栄町","C168.276": "春日部市 下大増新田","C168.277": "春日部市 下吉妻","C168.278": "春日部市 下蛭田","C168.279": "春日部市 下柳","C168.280": "春日部市 新川","C168.281": "春日部市 新宿新田","C168.282": "春日部市 水角","C168.283": "春日部市 薄谷","C168.284": "春日部市 千間","C168.285": "春日部市 武里中野","C168.286": "春日部市 立野","C168.287": "春日部市 中央","C168.288": "春日部市 銚子口","C168.289": "春日部市 塚崎","C168.290": "春日部市 道口蛭田","C168.291": "春日部市 道順川戸","C168.292": "春日部市 豊野町","C168.293": "春日部市 永沼","C168.294": "春日部市 新方袋","C168.295": "春日部市 西親野井","C168.296": "春日部市 西金野井","C168.297": "春日部市 西宝珠花","C168.298": "春日部市 西八木崎","C168.299": "春日部市 八丁目","C168.300": "春日部市 花積"}}