{"ja-JP": {"C169.1": "春日部市 浜川戸","C169.2": "春日部市 東中野","C169.3": "春日部市 樋堀","C169.4": "春日部市 樋籠","C169.5": "春日部市 備後西","C169.6": "春日部市 備後東","C169.7": "春日部市 藤塚","C169.8": "春日部市 不動院野","C169.9": "春日部市 本田町","C169.10": "春日部市 増戸","C169.11": "春日部市 増富","C169.12": "春日部市 増田新田","C169.13": "春日部市 緑町","C169.14": "春日部市 南","C169.15": "春日部市 南栄町","C169.16": "春日部市 南中曽根","C169.17": "春日部市 八木崎町","C169.18": "春日部市 谷原","C169.19": "春日部市 谷原新田","C169.20": "春日部市 豊町","C169.21": "春日部市 芦橋","C169.22": "春日部市 六軒町","C169.23": "狭山市 青柳","C169.24": "狭山市 稲荷山","C169.25": "狭山市 入間川","C169.26": "狭山市 鵜ノ木","C169.27": "狭山市 加佐志","C169.28": "狭山市 柏原","C169.29": "狭山市 柏原新田","C169.30": "狭山市 上赤坂","C169.31": "狭山市 上奥富","C169.32": "狭山市 上広瀬","C169.33": "狭山市 祇園","C169.34": "狭山市 北入曽","C169.35": "狭山市 笹井","C169.36": "狭山市 狭山","C169.37": "狭山市 狭山台","C169.38": "狭山市 沢","C169.39": "狭山市 下奥富","C169.40": "狭山市 下広瀬","C169.41": "狭山市 新狭山","C169.42": "狭山市 中央","C169.43": "狭山市 つつじ野","C169.44": "狭山市 中新田","C169.45": "狭山市 根岸","C169.46": "狭山市 東三ツ木","C169.47": "狭山市 広瀬","C169.48": "狭山市 広瀬台","C169.49": "狭山市 広瀬東","C169.50": "狭山市 富士見","C169.51": "狭山市 堀兼","C169.52": "狭山市 水野","C169.53": "狭山市 南入曽","C169.54": "羽生市 稲子","C169.55": "羽生市 今泉","C169.56": "羽生市 大沼","C169.57": "羽生市 尾崎","C169.58": "羽生市 加羽ケ崎","C169.59": "羽生市 上岩瀬","C169.60": "羽生市 上川崎","C169.61": "羽生市 上川俣","C169.62": "羽生市 上新郷","C169.63": "羽生市 上手子林","C169.64": "羽生市 上羽生","C169.65": "羽生市 上村君","C169.66": "羽生市 川崎","C169.67": "羽生市 喜右エ門新田","C169.68": "羽生市 北","C169.69": "羽生市 北荻島","C169.70": "羽生市 北袋","C169.71": "羽生市 桑崎","C169.72": "羽生市 神戸","C169.73": "羽生市 小須賀","C169.74": "羽生市 小松","C169.75": "羽生市 小松台","C169.76": "羽生市 下岩瀬","C169.77": "羽生市 下川崎","C169.78": "羽生市 下新郷","C169.79": "羽生市 下新田","C169.80": "羽生市 下手子林","C169.81": "羽生市 下羽生","C169.82": "羽生市 下村君","C169.83": "羽生市 須影","C169.84": "羽生市 砂山","C169.85": "羽生市 中央","C169.86": "羽生市 堤","C169.87": "羽生市 常木","C169.88": "羽生市 中岩瀬","C169.89": "羽生市 中手子林","C169.90": "羽生市 西","C169.91": "羽生市 羽生","C169.92": "羽生市 東","C169.93": "羽生市 秀安","C169.94": "羽生市 日野手新田","C169.95": "羽生市 藤井上組","C169.96": "羽生市 藤井下組","C169.97": "羽生市 発戸","C169.98": "羽生市 本川俣","C169.99": "羽生市 町屋","C169.100": "羽生市 三田ケ谷","C169.101": "羽生市 南","C169.102": "羽生市 南羽生","C169.103": "羽生市 名","C169.104": "羽生市 弥勒","C169.105": "羽生市 与兵エ新田","C169.106": "鴻巣市 愛の町","C169.107": "鴻巣市 赤城","C169.108": "鴻巣市 赤城台","C169.109": "鴻巣市 赤見台","C169.110": "鴻巣市 新井","C169.111": "鴻巣市 安養寺","C169.112": "鴻巣市 市ノ縄","C169.113": "鴻巣市 稲荷町","C169.114": "鴻巣市 榎戸","C169.115": "鴻巣市 生出塚","C169.116": "鴻巣市 大芦","C169.117": "鴻巣市 大間","C169.118": "鴻巣市 笠原","C169.119": "鴻巣市 鎌塚","C169.120": "鴻巣市 加美","C169.121": "鴻巣市 上会下","C169.122": "鴻巣市 上生出塚","C169.123": "鴻巣市 上谷","C169.124": "鴻巣市 川面","C169.125": "鴻巣市 北新宿","C169.126": "鴻巣市 北中野","C169.127": "鴻巣市 北根","C169.128": "鴻巣市 屈巣","C169.129": "鴻巣市 郷地","C169.130": "鴻巣市 鴻巣","C169.131": "鴻巣市 小松","C169.132": "鴻巣市 小谷","C169.133": "鴻巣市 幸町","C169.134": "鴻巣市 境","C169.135": "鴻巣市 栄町","C169.136": "鴻巣市 逆川","C169.137": "鴻巣市 三町免","C169.138": "鴻巣市 下生出塚","C169.139": "鴻巣市 下忍","C169.140": "鴻巣市 下谷","C169.141": "鴻巣市 常光","C169.142": "鴻巣市 新宿","C169.143": "鴻巣市 神明","C169.144": "鴻巣市 すみれ野","C169.145": "鴻巣市 関新田","C169.146": "鴻巣市 滝馬室","C169.147": "鴻巣市 中央","C169.148": "鴻巣市 筑波","C169.149": "鴻巣市 堤町","C169.150": "鴻巣市 寺谷","C169.151": "鴻巣市 天神","C169.152": "鴻巣市 中井","C169.153": "鴻巣市 西中曽根","C169.154": "鴻巣市 人形","C169.155": "鴻巣市 糠田","C169.156": "鴻巣市 登戸","C169.157": "鴻巣市 八幡田","C169.158": "鴻巣市 荊原","C169.159": "鴻巣市 原馬室","C169.160": "鴻巣市 東","C169.161": "鴻巣市 氷川町","C169.162": "鴻巣市 ひばり野","C169.163": "鴻巣市 広田","C169.164": "鴻巣市 吹上","C169.165": "鴻巣市 吹上富士見","C169.166": "鴻巣市 吹上本町","C169.167": "鴻巣市 袋","C169.168": "鴻巣市 富士見町","C169.169": "鴻巣市 本町","C169.170": "鴻巣市 本宮町","C169.171": "鴻巣市 前砂","C169.172": "鴻巣市 松原","C169.173": "鴻巣市 箕田","C169.174": "鴻巣市 三ツ木","C169.175": "鴻巣市 緑町","C169.176": "鴻巣市 南","C169.177": "鴻巣市 宮地","C169.178": "鴻巣市 宮前","C169.179": "鴻巣市 明用","C169.180": "鴻巣市 雷電","C169.181": "深谷市 秋元町","C169.182": "深谷市 明戸","C169.183": "深谷市 新井","C169.184": "深谷市 荒川","C169.185": "深谷市 石塚","C169.186": "深谷市 伊勢方","C169.187": "深谷市 稲荷町","C169.188": "深谷市 稲荷町北","C169.189": "深谷市 今泉","C169.190": "深谷市 後榛沢","C169.191": "深谷市 内ケ島","C169.192": "深谷市 上野台","C169.193": "深谷市 江原","C169.194": "深谷市 大塚","C169.195": "深谷市 大塚島","C169.196": "深谷市 大谷","C169.197": "深谷市 岡","C169.198": "深谷市 岡里","C169.199": "深谷市 岡部","C169.200": "深谷市 起会","C169.201": "深谷市 小前田","C169.202": "深谷市 折之口","C169.203": "深谷市 樫合","C169.204": "深谷市 柏合","C169.205": "深谷市 上柴町西","C169.206": "深谷市 上柴町東","C169.207": "深谷市 上手計","C169.208": "深谷市 上原","C169.209": "深谷市 上増田","C169.210": "深谷市 萱場","C169.211": "深谷市 川本明戸","C169.212": "深谷市 北阿賀野","C169.213": "深谷市 北根","C169.214": "深谷市 櫛引","C169.215": "深谷市 櫛挽","C169.216": "深谷市 沓掛","C169.217": "深谷市 黒田","C169.218": "深谷市 国済寺","C169.219": "深谷市 国済寺町","C169.220": "深谷市 寿町","C169.221": "深谷市 境","C169.222": "深谷市 栄町","C169.223": "深谷市 桜ケ丘","C169.224": "深谷市 下手計","C169.225": "深谷市 宿根","C169.226": "深谷市 上敷免","C169.227": "深谷市 白草台","C169.228": "深谷市 新戒","C169.229": "深谷市 菅沼","C169.230": "深谷市 瀬山","C169.231": "深谷市 高島","C169.232": "深谷市 高畑","C169.233": "深谷市 武川","C169.234": "深谷市 田所町","C169.235": "深谷市 田中","C169.236": "深谷市 田谷","C169.237": "深谷市 血洗島","C169.238": "深谷市 天神町","C169.239": "深谷市 常盤町","C169.240": "深谷市 戸森","C169.241": "深谷市 長在家","C169.242": "深谷市 中瀬","C169.243": "深谷市 永田","C169.244": "深谷市 仲町","C169.245": "深谷市 成塚","C169.246": "深谷市 西大沼","C169.247": "深谷市 西島町","C169.248": "深谷市 西田","C169.249": "深谷市 沼尻","C169.250": "深谷市 蓮沼","C169.251": "深谷市 畠山","C169.252": "深谷市 幡羅町","C169.253": "深谷市 原郷","C169.254": "深谷市 針ケ谷","C169.255": "深谷市 榛沢","C169.256": "深谷市 榛沢新田","C169.257": "深谷市 東大沼","C169.258": "深谷市 東方","C169.259": "深谷市 東方町","C169.260": "深谷市 人見","C169.261": "深谷市 深谷町","C169.262": "深谷市 普済寺","C169.263": "深谷市 藤野木","C169.264": "深谷市 二ツ小屋","C169.265": "深谷市 堀米","C169.266": "深谷市 本郷","C169.267": "深谷市 本田","C169.268": "深谷市 本田ケ谷","C169.269": "深谷市 前小屋","C169.270": "深谷市 曲田","C169.271": "深谷市 町田","C169.272": "深谷市 緑ケ丘","C169.273": "深谷市 緑台","C169.274": "深谷市 南阿賀野","C169.275": "深谷市 見晴町","C169.276": "深谷市 宮ケ谷戸","C169.277": "深谷市 武蔵野","C169.278": "深谷市 本住町","C169.279": "深谷市 矢島","C169.280": "深谷市 谷之","C169.281": "深谷市 山河","C169.282": "深谷市 山崎","C169.283": "深谷市 横瀬","C169.284": "上尾市 上尾下","C169.285": "上尾市 上尾宿","C169.286": "上尾市 上尾村","C169.287": "上尾市 浅間台","C169.288": "上尾市 東町","C169.289": "上尾市 畔吉","C169.290": "上尾市 愛宕","C169.291": "上尾市 泉台","C169.292": "上尾市 壱丁目","C169.293": "上尾市 井戸木","C169.294": "上尾市 今泉","C169.295": "上尾市 上野","C169.296": "上尾市 上野本郷","C169.297": "上尾市 大谷本郷","C169.298": "上尾市 柏座","C169.299": "上尾市 春日","C169.300": "上尾市 上"}}