{"ja-JP": {"C171.1": "桶川市 北","C171.2": "桶川市 倉田","C171.3": "桶川市 五丁台","C171.4": "桶川市 寿","C171.5": "桶川市 小針領家","C171.6": "桶川市 坂田","C171.7": "桶川市 坂田東","C171.8": "桶川市 篠津","C171.9": "桶川市 下日出谷","C171.10": "桶川市 下日出谷西","C171.11": "桶川市 神明","C171.12": "桶川市 末広","C171.13": "桶川市 舎人新田","C171.14": "桶川市 西","C171.15": "桶川市 東","C171.16": "桶川市 南","C171.17": "桶川市 若宮","C171.18": "久喜市 青毛","C171.19": "久喜市 青葉","C171.20": "久喜市 新井","C171.21": "久喜市 伊坂","C171.22": "久喜市 上内","C171.23": "久喜市 江面","C171.24": "久喜市 太田袋","C171.25": "久喜市 上川崎","C171.26": "久喜市 上清久","C171.27": "久喜市 上早見","C171.28": "久喜市 上町","C171.29": "久喜市 河原井町","C171.30": "久喜市 河原代","C171.31": "久喜市 北青柳","C171.32": "久喜市 北中曽根","C171.33": "久喜市 北広島","C171.34": "久喜市 狐塚","C171.35": "久喜市 久本寺","C171.36": "久喜市 清久町","C171.37": "久喜市 久喜北","C171.38": "久喜市 久喜新","C171.39": "久喜市 久喜中央","C171.40": "久喜市 久喜東","C171.41": "久喜市 久喜本","C171.42": "久喜市 葛梅","C171.43": "久喜市 栗橋","C171.44": "久喜市 栗橋北","C171.45": "久喜市 栗橋中央","C171.46": "久喜市 栗橋東","C171.47": "久喜市 栗原","C171.48": "久喜市 小右衛門","C171.49": "久喜市 古久喜","C171.50": "久喜市 栄","C171.51": "久喜市 桜田","C171.52": "久喜市 佐間","C171.53": "久喜市 島川","C171.54": "久喜市 下清久","C171.55": "久喜市 下早見","C171.56": "久喜市 菖蒲町小林","C171.57": "久喜市 菖蒲町上大崎","C171.58": "久喜市 菖蒲町上栢間","C171.59": "久喜市 菖蒲町河原井","C171.60": "久喜市 菖蒲町三箇","C171.61": "久喜市 菖蒲町柴山枝郷","C171.62": "久喜市 菖蒲町下栢間","C171.63": "久喜市 菖蒲町菖蒲","C171.64": "久喜市 菖蒲町昭和沼","C171.65": "久喜市 菖蒲町台","C171.66": "久喜市 菖蒲町新堀","C171.67": "久喜市 砂原","C171.68": "久喜市 外野","C171.69": "久喜市 高柳","C171.70": "久喜市 所久喜","C171.71": "久喜市 中里","C171.72": "久喜市 中妻","C171.73": "久喜市 西","C171.74": "久喜市 西大輪","C171.75": "久喜市 野久喜","C171.76": "久喜市 八甫","C171.77": "久喜市 原","C171.78": "久喜市 東大輪","C171.79": "久喜市 樋ノ口","C171.80": "久喜市 本町","C171.81": "久喜市 間鎌","C171.82": "久喜市 松永","C171.83": "久喜市 緑","C171.84": "久喜市 南","C171.85": "久喜市 南栗橋","C171.86": "久喜市 除堀","C171.87": "久喜市 吉羽","C171.88": "久喜市 六万部","C171.89": "久喜市 鷲宮","C171.90": "久喜市 鷲宮中央","C171.91": "北本市 朝日","C171.92": "北本市 東間","C171.93": "北本市 荒井","C171.94": "北本市 石戸","C171.95": "北本市 石戸宿","C171.96": "北本市 北中丸","C171.97": "北本市 北本","C171.98": "北本市 北本宿","C171.99": "北本市 栄","C171.100": "北本市 下石戸上","C171.101": "北本市 下石戸下","C171.102": "北本市 高尾","C171.103": "北本市 中央","C171.104": "北本市 中丸","C171.105": "北本市 西高尾","C171.106": "北本市 深井","C171.107": "北本市 二ツ家","C171.108": "北本市 古市場","C171.109": "北本市 本町","C171.110": "北本市 緑","C171.111": "北本市 宮内","C171.112": "北本市 本宿","C171.113": "北本市 山中","C171.114": "八潮市 茜町","C171.115": "八潮市 伊草","C171.116": "八潮市 伊勢野","C171.117": "八潮市 浮塚","C171.118": "八潮市 大瀬","C171.119": "八潮市 大曽根","C171.120": "八潮市 垳","C171.121": "八潮市 上馬場","C171.122": "八潮市 木曽根","C171.123": "八潮市 小作田","C171.124": "八潮市 古新田","C171.125": "八潮市 新町","C171.126": "八潮市 大原","C171.127": "八潮市 中央","C171.128": "八潮市 鶴ケ曽根","C171.129": "八潮市 中馬場","C171.130": "八潮市 西袋","C171.131": "八潮市 二丁目","C171.132": "八潮市 八條","C171.133": "八潮市 松之木","C171.134": "八潮市 緑町","C171.135": "八潮市 南後谷","C171.136": "八潮市 南川崎","C171.137": "八潮市 八潮","C171.138": "八潮市 柳之宮","C171.139": "富士見市 榎町","C171.140": "富士見市 貝塚","C171.141": "富士見市 勝瀬","C171.142": "富士見市 上沢","C171.143": "富士見市 上南畑","C171.144": "富士見市 下南畑","C171.145": "富士見市 諏訪","C171.146": "富士見市 関沢","C171.147": "富士見市 鶴瀬西","C171.148": "富士見市 鶴瀬東","C171.149": "富士見市 鶴馬","C171.150": "富士見市 南畑新田","C171.151": "富士見市 西みずほ台","C171.152": "富士見市 羽沢","C171.153": "富士見市 針ケ谷","C171.154": "富士見市 東大久保","C171.155": "富士見市 東みずほ台","C171.156": "富士見市 ふじみ野西","C171.157": "富士見市 ふじみ野東","C171.158": "富士見市 水子","C171.159": "富士見市 水谷","C171.160": "富士見市 水谷東","C171.161": "富士見市 みどり野北","C171.162": "富士見市 みどり野西","C171.163": "富士見市 みどり野東","C171.164": "富士見市 みどり野南","C171.165": "富士見市 山室","C171.166": "富士見市 渡戸","C171.167": "三郷市 東町","C171.168": "三郷市 泉","C171.169": "三郷市 市助","C171.170": "三郷市 岩野木","C171.171": "三郷市 インター南","C171.172": "三郷市 後谷","C171.173": "三郷市 采女","C171.174": "三郷市 大広戸","C171.175": "三郷市 鎌倉","C171.176": "三郷市 上口","C171.177": "三郷市 上彦川戸","C171.178": "三郷市 上彦名","C171.179": "三郷市 幸房","C171.180": "三郷市 駒形","C171.181": "三郷市 小谷堀","C171.182": "三郷市 栄","C171.183": "三郷市 笹塚","C171.184": "三郷市 さつき平","C171.185": "三郷市 下彦川戸","C171.186": "三郷市 新三郷ららシティ","C171.187": "三郷市 新和","C171.188": "三郷市 前間","C171.189": "三郷市 高州","C171.190": "三郷市 鷹野","C171.191": "三郷市 田中新田","C171.192": "三郷市 丹後","C171.193": "三郷市 中央","C171.194": "三郷市 天神","C171.195": "三郷市 戸ケ崎","C171.196": "三郷市 仁蔵","C171.197": "三郷市 花和田","C171.198": "三郷市 番匠免","C171.199": "三郷市 半田","C171.200": "三郷市 ピアラシティ","C171.201": "三郷市 彦糸","C171.202": "三郷市 彦江","C171.203": "三郷市 彦音","C171.204": "三郷市 彦川戸","C171.205": "三郷市 彦倉","C171.206": "三郷市 彦沢","C171.207": "三郷市 彦成","C171.208": "三郷市 彦野","C171.209": "三郷市 三郷","C171.210": "三郷市 南蓮沼","C171.211": "三郷市 茂田井","C171.212": "三郷市 谷口","C171.213": "三郷市 谷中","C171.214": "三郷市 寄巻","C171.215": "三郷市 早稲田","C171.216": "蓮田市 綾瀬","C171.217": "蓮田市 井沼","C171.218": "蓮田市 閏戸","C171.219": "蓮田市 江ケ崎","C171.220": "蓮田市 御前橋","C171.221": "蓮田市 貝塚","C171.222": "蓮田市 上","C171.223": "蓮田市 上平野","C171.224": "蓮田市 川島","C171.225": "蓮田市 黒浜","C171.226": "蓮田市 駒崎","C171.227": "蓮田市 桜台","C171.228": "蓮田市 笹山","C171.229": "蓮田市 城","C171.230": "蓮田市 末広","C171.231": "蓮田市 関山","C171.232": "蓮田市 高虫","C171.233": "蓮田市 椿山","C171.234": "蓮田市 西城","C171.235": "蓮田市 西新宿","C171.236": "蓮田市 根金","C171.237": "蓮田市 蓮田","C171.238": "蓮田市 東","C171.239": "蓮田市 本町","C171.240": "蓮田市 馬込","C171.241": "蓮田市 緑町","C171.242": "蓮田市 南新宿","C171.243": "蓮田市 見沼町","C171.244": "蓮田市 山ノ内","C171.245": "坂戸市 青木","C171.246": "坂戸市 粟生田","C171.247": "坂戸市 赤尾","C171.248": "坂戸市 浅羽","C171.249": "坂戸市 浅羽野","C171.250": "坂戸市 芦山町","C171.251": "坂戸市 厚川","C171.252": "坂戸市 石井","C171.253": "坂戸市 伊豆の山町","C171.254": "坂戸市 泉町","C171.255": "坂戸市 今西","C171.256": "坂戸市 欠ノ上","C171.257": "坂戸市 片柳","C171.258": "坂戸市 片柳新田","C171.259": "坂戸市 金田","C171.260": "坂戸市 鎌倉町","C171.261": "坂戸市 上吉田","C171.262": "坂戸市 萱方","C171.263": "坂戸市 北浅羽","C171.264": "坂戸市 北大塚","C171.265": "坂戸市 北峰","C171.266": "坂戸市 けやき台","C171.267": "坂戸市 紺屋","C171.268": "坂戸市 小沼","C171.269": "坂戸市 小山","C171.270": "坂戸市 栄","C171.271": "坂戸市 坂戸","C171.272": "坂戸市 沢木","C171.273": "坂戸市 三光町","C171.274": "坂戸市 島田","C171.275": "坂戸市 清水町","C171.276": "坂戸市 成願寺","C171.277": "坂戸市 新ケ谷","C171.278": "坂戸市 末広町","C171.279": "坂戸市 関間","C171.280": "坂戸市 善能寺","C171.281": "坂戸市 竹之内","C171.282": "坂戸市 多和目","C171.283": "坂戸市 千代田","C171.284": "坂戸市 塚越","C171.285": "坂戸市 塚崎","C171.286": "坂戸市 鶴舞","C171.287": "坂戸市 戸口","C171.288": "坂戸市 戸宮","C171.289": "坂戸市 長岡","C171.290": "坂戸市 中小坂","C171.291": "坂戸市 中里","C171.292": "坂戸市 仲町","C171.293": "坂戸市 中富町","C171.294": "坂戸市 新堀","C171.295": "坂戸市 西坂戸","C171.296": "坂戸市 にっさい花みず木","C171.297": "坂戸市 花影町","C171.298": "坂戸市 東坂戸","C171.299": "坂戸市 東和田","C171.300": "坂戸市 日の出町"}}