{"ja-JP": {"C172.1": "坂戸市 堀込","C172.2": "坂戸市 本町","C172.3": "坂戸市 溝端町","C172.4": "坂戸市 緑町","C172.5": "坂戸市 南町","C172.6": "坂戸市 元町","C172.7": "坂戸市 森戸","C172.8": "坂戸市 薬師町","C172.9": "坂戸市 柳町","C172.10": "坂戸市 八幡","C172.11": "坂戸市 山田町","C172.12": "坂戸市 横沼","C172.13": "坂戸市 四日市場","C172.14": "幸手市 内国府間","C172.15": "幸手市 円藤内","C172.16": "幸手市 香日向","C172.17": "幸手市 上宇和田","C172.18": "幸手市 神扇","C172.19": "幸手市 上高野","C172.20": "幸手市 上吉羽","C172.21": "幸手市 北","C172.22": "幸手市 木立","C172.23": "幸手市 権現堂","C172.24": "幸手市 栄","C172.25": "幸手市 幸手","C172.26": "幸手市 下宇和田","C172.27": "幸手市 下川崎","C172.28": "幸手市 下吉羽","C172.29": "幸手市 神明内","C172.30": "幸手市 惣新田","C172.31": "幸手市 外国府間","C172.32": "幸手市 高須賀","C172.33": "幸手市 千塚","C172.34": "幸手市 天神島","C172.35": "幸手市 戸島","C172.36": "幸手市 中","C172.37": "幸手市 中川崎","C172.38": "幸手市 中島","C172.39": "幸手市 中野","C172.40": "幸手市 長間","C172.41": "幸手市 西","C172.42": "幸手市 西関宿","C172.43": "幸手市 花島","C172.44": "幸手市 東","C172.45": "幸手市 平須賀","C172.46": "幸手市 平野","C172.47": "幸手市 細野","C172.48": "幸手市 槇野地","C172.49": "幸手市 松石","C172.50": "幸手市 緑台","C172.51": "幸手市 南","C172.52": "幸手市 吉野","C172.53": "鶴ヶ島市 太田ヶ谷","C172.54": "鶴ヶ島市 上新田","C172.55": "鶴ヶ島市 上広谷","C172.56": "鶴ヶ島市 共栄町","C172.57": "鶴ヶ島市 五味ヶ谷","C172.58": "鶴ヶ島市 下新田","C172.59": "鶴ヶ島市 新町","C172.60": "鶴ヶ島市 脚折","C172.61": "鶴ヶ島市 脚折町","C172.62": "鶴ヶ島市 高倉","C172.63": "鶴ヶ島市 鶴ヶ丘","C172.64": "鶴ヶ島市 中新田","C172.65": "鶴ヶ島市 羽折町","C172.66": "鶴ヶ島市 藤金","C172.67": "鶴ヶ島市 富士見","C172.68": "鶴ヶ島市 町屋","C172.69": "鶴ヶ島市 松ヶ丘","C172.70": "鶴ヶ島市 三ツ木","C172.71": "鶴ヶ島市 三ツ木新田","C172.72": "鶴ヶ島市 三ツ木新町","C172.73": "鶴ヶ島市 南町","C172.74": "鶴ヶ島市 柳戸町","C172.75": "日高市 旭ケ丘","C172.76": "日高市 馬引沢","C172.77": "日高市 梅原","C172.78": "日高市 大谷沢","C172.79": "日高市 女影","C172.80": "日高市 女影新田","C172.81": "日高市 上鹿山","C172.82": "日高市 鹿山","C172.83": "日高市 北平沢","C172.84": "日高市 久保","C172.85": "日高市 栗坪","C172.86": "日高市 高麗川","C172.87": "日高市 駒寺野新田","C172.88": "日高市 高麗本郷","C172.89": "日高市 四本木","C172.90": "日高市 下大谷沢","C172.91": "日高市 下鹿山","C172.92": "日高市 下高萩新田","C172.93": "日高市 清流","C172.94": "日高市 台","C172.95": "日高市 高岡","C172.96": "日高市 高富","C172.97": "日高市 高萩","C172.98": "日高市 高萩東","C172.99": "日高市 田木","C172.100": "日高市 田波目","C172.101": "日高市 中鹿山","C172.102": "日高市 中沢","C172.103": "日高市 新堀","C172.104": "日高市 新堀新田","C172.105": "日高市 楡木","C172.106": "日高市 野々宮","C172.107": "日高市 原宿","C172.108": "日高市 南平沢","C172.109": "日高市 武蔵台","C172.110": "日高市 森戸新田","C172.111": "日高市 猿田","C172.112": "日高市 猿田上ノ台","C172.113": "日高市 山根","C172.114": "日高市 横手","C172.115": "吉川市 会野谷","C172.116": "吉川市 旭","C172.117": "吉川市 飯島","C172.118": "吉川市 加藤","C172.119": "吉川市 上内川","C172.120": "吉川市 上笹塚","C172.121": "吉川市 川富","C172.122": "吉川市 川野","C172.123": "吉川市 川藤","C172.124": "吉川市 木売","C172.125": "吉川市 木売新田","C172.126": "吉川市 共保","C172.127": "吉川市 きよみ野","C172.128": "吉川市 小松川","C172.129": "吉川市 栄町","C172.130": "吉川市 皿沼","C172.131": "吉川市 鹿見塚","C172.132": "吉川市 下内川","C172.133": "吉川市 拾壱軒","C172.134": "吉川市 新栄","C172.135": "吉川市 須賀","C172.136": "吉川市 関","C172.137": "吉川市 関新田","C172.138": "吉川市 高富","C172.139": "吉川市 高久","C172.140": "吉川市 道庭","C172.141": "吉川市 土場","C172.142": "吉川市 富新田","C172.143": "吉川市 中井","C172.144": "吉川市 中川台","C172.145": "吉川市 中島","C172.146": "吉川市 中曽根","C172.147": "吉川市 中野","C172.148": "吉川市 鍋小路","C172.149": "吉川市 八子新田","C172.150": "吉川市 半割","C172.151": "吉川市 平方新田","C172.152": "吉川市 平沼","C172.153": "吉川市 深井新田","C172.154": "吉川市 二ツ沼","C172.155": "吉川市 保","C172.156": "吉川市 美南","C172.157": "吉川市 南広島","C172.158": "吉川市 三輪野江","C172.159": "吉川市 吉川","C172.160": "吉川市 吉川団地","C172.161": "吉川市 吉屋","C172.162": "ふじみ野市 旭","C172.163": "ふじみ野市 池上","C172.164": "ふじみ野市 市沢","C172.165": "ふじみ野市 上野台","C172.166": "ふじみ野市 上ノ原","C172.167": "ふじみ野市 うれし野","C172.168": "ふじみ野市 大井","C172.169": "ふじみ野市 大井中央","C172.170": "ふじみ野市 大井武蔵野","C172.171": "ふじみ野市 大原","C172.172": "ふじみ野市 霞ケ丘","C172.173": "ふじみ野市 上福岡","C172.174": "ふじみ野市 亀久保","C172.175": "ふじみ野市 川崎","C172.176": "ふじみ野市 北野","C172.177": "ふじみ野市 清見","C172.178": "ふじみ野市 駒西","C172.179": "ふじみ野市 駒林","C172.180": "ふじみ野市 駒林元町","C172.181": "ふじみ野市 桜ケ丘","C172.182": "ふじみ野市 新駒林","C172.183": "ふじみ野市 新田","C172.184": "ふじみ野市 水宮","C172.185": "ふじみ野市 滝","C172.186": "ふじみ野市 築地","C172.187": "ふじみ野市 鶴ケ岡","C172.188": "ふじみ野市 鶴ケ舞","C172.189": "ふじみ野市 苗間","C172.190": "ふじみ野市 仲","C172.191": "ふじみ野市 中ノ島","C172.192": "ふじみ野市 中福岡","C172.193": "ふじみ野市 中丸","C172.194": "ふじみ野市 長宮","C172.195": "ふじみ野市 西","C172.196": "ふじみ野市 西鶴ケ岡","C172.197": "ふじみ野市 西原","C172.198": "ふじみ野市 花ノ木","C172.199": "ふじみ野市 東久保","C172.200": "ふじみ野市 福岡","C172.201": "ふじみ野市 福岡新田","C172.202": "ふじみ野市 福岡中央","C172.203": "ふじみ野市 福岡武蔵野","C172.204": "ふじみ野市 富士見台","C172.205": "ふじみ野市 ふじみ野","C172.206": "ふじみ野市 松山","C172.207": "ふじみ野市 丸山","C172.208": "ふじみ野市 緑ケ丘","C172.209": "ふじみ野市 南台","C172.210": "ふじみ野市 本新田","C172.211": "ふじみ野市 元福岡","C172.212": "ふじみ野市 谷田","C172.213": "白岡市 荒井新田","C172.214": "白岡市 太田新井","C172.215": "白岡市 岡泉","C172.216": "白岡市 上野田","C172.217": "白岡市 小久喜","C172.218": "白岡市 実ケ谷","C172.219": "白岡市 篠津","C172.220": "白岡市 柴山","C172.221": "白岡市 下大崎","C172.222": "白岡市 下野田","C172.223": "白岡市 白岡","C172.224": "白岡市 白岡東","C172.225": "白岡市 新白岡","C172.226": "白岡市 千駄野","C172.227": "白岡市 高岩","C172.228": "白岡市 爪田ケ谷","C172.229": "白岡市 寺塚","C172.230": "白岡市 西","C172.231": "白岡市 彦兵衛","C172.232": "白岡市 野牛","C172.233": "北足立郡伊奈町 内宿台","C172.234": "北足立郡伊奈町 大針","C172.235": "北足立郡伊奈町 学園","C172.236": "北足立郡伊奈町 寿","C172.237": "北足立郡伊奈町 小針内宿","C172.238": "北足立郡伊奈町 小針新宿","C172.239": "北足立郡伊奈町 小室","C172.240": "北足立郡伊奈町 栄","C172.241": "北足立郡伊奈町 西小針","C172.242": "北足立郡伊奈町 羽貫","C172.243": "北足立郡伊奈町 本町","C172.244": "入間郡三芳町 上富","C172.245": "入間郡三芳町 北永井","C172.246": "入間郡三芳町 竹間沢","C172.247": "入間郡三芳町 竹間沢東","C172.248": "入間郡三芳町 藤久保","C172.249": "入間郡三芳町 みよし台","C172.250": "入間郡毛呂山町 旭台","C172.251": "入間郡毛呂山町 阿諏訪","C172.252": "入間郡毛呂山町 市場","C172.253": "入間郡毛呂山町 岩井","C172.254": "入間郡毛呂山町 岩井西","C172.255": "入間郡毛呂山町 岩井東","C172.256": "入間郡毛呂山町 大谷木","C172.257": "入間郡毛呂山町 大類","C172.258": "入間郡毛呂山町 川角","C172.259": "入間郡毛呂山町 小田谷","C172.260": "入間郡毛呂山町 権現堂","C172.261": "入間郡毛呂山町 西戸","C172.262": "入間郡毛呂山町 下川原","C172.263": "入間郡毛呂山町 宿谷","C172.264": "入間郡毛呂山町 滝ノ入","C172.265": "入間郡毛呂山町 中央","C172.266": "入間郡毛呂山町 葛貫","C172.267": "入間郡毛呂山町 長瀬","C172.268": "入間郡毛呂山町 苦林","C172.269": "入間郡毛呂山町 西大久保","C172.270": "入間郡毛呂山町 平山","C172.271": "入間郡毛呂山町 前久保","C172.272": "入間郡毛呂山町 前久保南","C172.273": "入間郡毛呂山町 南台","C172.274": "入間郡毛呂山町 箕和田","C172.275": "入間郡毛呂山町 目白台","C172.276": "入間郡毛呂山町 毛呂本郷","C172.277": "入間郡毛呂山町 若山","C172.278": "入間郡越生町 上野","C172.279": "入間郡越生町 上野東","C172.280": "入間郡越生町 大谷","C172.281": "入間郡越生町 越生","C172.282": "入間郡越生町 越生東","C172.283": "入間郡越生町 鹿下","C172.284": "入間郡越生町 上谷","C172.285": "入間郡越生町 黒岩","C172.286": "入間郡越生町 黒山","C172.287": "入間郡越生町 小杉","C172.288": "入間郡越生町 大満","C172.289": "入間郡越生町 龍ケ谷","C172.290": "入間郡越生町 津久根","C172.291": "入間郡越生町 堂山","C172.292": "入間郡越生町 成瀬","C172.293": "入間郡越生町 西和田","C172.294": "入間郡越生町 如意","C172.295": "入間郡越生町 古池","C172.296": "入間郡越生町 麦原","C172.297": "比企郡滑川町 伊古","C172.298": "比企郡滑川町 和泉","C172.299": "比企郡滑川町 菅田","C172.300": "比企郡滑川町 月の輪"}}