{"ja-JP": {"C175.1": "千葉市美浜区 若葉","C175.2": "銚子市 赤塚町","C175.3": "銚子市 海鹿島町","C175.4": "銚子市 芦崎町","C175.5": "銚子市 愛宕町","C175.6": "銚子市 新生町","C175.7": "銚子市 粟島町","C175.8": "銚子市 飯沼町","C175.9": "銚子市 犬吠埼","C175.10": "銚子市 犬若","C175.11": "銚子市 今宮町","C175.12": "銚子市 上野町","C175.13": "銚子市 植松町","C175.14": "銚子市 内浜町","C175.15": "銚子市 大橋町","C175.16": "銚子市 岡野台町","C175.17": "銚子市 小浜町","C175.18": "銚子市 親田町","C175.19": "銚子市 垣根町","C175.20": "銚子市 垣根見晴台","C175.21": "銚子市 笠上町","C175.22": "銚子市 春日台町","C175.23": "銚子市 春日町","C175.24": "銚子市 唐子町","C175.25": "銚子市 川口町","C175.26": "銚子市 北小川町","C175.27": "銚子市 君ケ浜","C175.28": "銚子市 清川町","C175.29": "銚子市 黒生町","C175.30": "銚子市 小長町","C175.31": "銚子市 小畑新町","C175.32": "銚子市 小畑町","C175.33": "銚子市 後飯町","C175.34": "銚子市 小船木町","C175.35": "銚子市 幸町","C175.36": "銚子市 栄町","C175.37": "銚子市 榊町","C175.38": "銚子市 桜井町","C175.39": "銚子市 笹本町","C175.40": "銚子市 猿田町","C175.41": "銚子市 三軒町","C175.42": "銚子市 潮見町","C175.43": "銚子市 忍町","C175.44": "銚子市 柴崎町","C175.45": "銚子市 清水町","C175.46": "銚子市 正明寺町","C175.47": "銚子市 白石町","C175.48": "銚子市 新地町","C175.49": "銚子市 新町","C175.50": "銚子市 陣屋町","C175.51": "銚子市 末広町","C175.52": "銚子市 台町","C175.53": "銚子市 高神西町","C175.54": "銚子市 高神原町","C175.55": "銚子市 高神東町","C175.56": "銚子市 高田町","C175.57": "銚子市 高野町","C175.58": "銚子市 竹町","C175.59": "銚子市 田中町","C175.60": "銚子市 茶畑町","C175.61": "銚子市 中央町","C175.62": "銚子市 塚本町","C175.63": "銚子市 天王台","C175.64": "銚子市 通町","C175.65": "銚子市 外川台町","C175.66": "銚子市 外川町","C175.67": "銚子市 常世田町","C175.68": "銚子市 富川町","C175.69": "銚子市 豊里台","C175.70": "銚子市 名洗町","C175.71": "銚子市 長崎町","C175.72": "銚子市 中島町","C175.73": "銚子市 仲町","C175.74": "銚子市 長塚町","C175.75": "銚子市 長山町","C175.76": "銚子市 西小川町","C175.77": "銚子市 西芝町","C175.78": "銚子市 野尻町","C175.79": "銚子市 橋本町","C175.80": "銚子市 馬場町","C175.81": "銚子市 浜町","C175.82": "銚子市 東小川町","C175.83": "銚子市 東芝町","C175.84": "銚子市 東町","C175.85": "銚子市 双葉町","C175.86": "銚子市 船木町","C175.87": "銚子市 本城町","C175.88": "銚子市 本町","C175.89": "銚子市 前宿町","C175.90": "銚子市 松岸町","C175.91": "銚子市 松岸見晴台","C175.92": "銚子市 松本町","C175.93": "銚子市 三門町","C175.94": "銚子市 三崎町","C175.95": "銚子市 港町","C175.96": "銚子市 南小川町","C175.97": "銚子市 南町","C175.98": "銚子市 三宅町","C175.99": "銚子市 宮原町","C175.100": "銚子市 妙見町","C175.101": "銚子市 明神町","C175.102": "銚子市 森戸町","C175.103": "銚子市 諸持町","C175.104": "銚子市 八木町","C175.105": "銚子市 八幡町","C175.106": "銚子市 弥生町","C175.107": "銚子市 四日市場台","C175.108": "銚子市 四日市場町","C175.109": "銚子市 余山町","C175.110": "銚子市 若宮町","C175.111": "銚子市 和田町","C175.112": "市川市 相之川","C175.113": "市川市 新井","C175.114": "市川市 伊勢宿","C175.115": "市川市 市川","C175.116": "市川市 市川南","C175.117": "市川市 稲越町","C175.118": "市川市 入船","C175.119": "市川市 大洲","C175.120": "市川市 大野町","C175.121": "市川市 大町","C175.122": "市川市 大和田","C175.123": "市川市 押切","C175.124": "市川市 鬼越","C175.125": "市川市 鬼高","C175.126": "市川市 欠真間","C175.127": "市川市 柏井町","C175.128": "市川市 加藤新田","C175.129": "市川市 上妙典","C175.130": "市川市 河原","C175.131": "市川市 香取","C175.132": "市川市 北方","C175.133": "市川市 北国分","C175.134": "市川市 行徳駅前","C175.135": "市川市 国府台","C175.136": "市川市 高谷","C175.137": "市川市 高谷新町","C175.138": "市川市 国分","C175.139": "市川市 幸","C175.140": "市川市 塩浜","C175.141": "市川市 塩焼","C175.142": "市川市 島尻","C175.143": "市川市 下貝塚","C175.144": "市川市 下新宿","C175.145": "市川市 下妙典","C175.146": "市川市 新田","C175.147": "市川市 末広","C175.148": "市川市 菅野","C175.149": "市川市 須和田","C175.150": "市川市 関ケ島","C175.151": "市川市 曽谷","C175.152": "市川市 高石神","C175.153": "市川市 高浜町","C175.154": "市川市 宝","C175.155": "市川市 田尻","C175.156": "市川市 千鳥町","C175.157": "市川市 稲荷木","C175.158": "市川市 富浜","C175.159": "市川市 中国分","C175.160": "市川市 中山","C175.161": "市川市 新浜","C175.162": "市川市 原木","C175.163": "市川市 東大和田","C175.164": "市川市 東国分","C175.165": "市川市 東菅野","C175.166": "市川市 東浜","C175.167": "市川市 日之出","C175.168": "市川市 平田","C175.169": "市川市 広尾","C175.170": "市川市 福栄","C175.171": "市川市 二俣","C175.172": "市川市 二俣新町","C175.173": "市川市 奉免町","C175.174": "市川市 北方町","C175.175": "市川市 堀之内","C175.176": "市川市 本行徳","C175.177": "市川市 本塩","C175.178": "市川市 真間","C175.179": "市川市 湊","C175.180": "市川市 湊新田","C175.181": "市川市 南大野","C175.182": "市川市 南行徳","C175.183": "市川市 南八幡","C175.184": "市川市 宮久保","C175.185": "市川市 妙典","C175.186": "市川市 本北方","C175.187": "市川市 八幡","C175.188": "市川市 若宮","C175.189": "船橋市 旭町","C175.190": "船橋市 東町","C175.191": "船橋市 市場","C175.192": "船橋市 印内","C175.193": "船橋市 印内町","C175.194": "船橋市 大穴北","C175.195": "船橋市 大穴町","C175.196": "船橋市 大穴南","C175.197": "船橋市 大神保町","C175.198": "船橋市 海神","C175.199": "船橋市 海神町","C175.200": "船橋市 海神町西","C175.201": "船橋市 海神町東","C175.202": "船橋市 海神町南","C175.203": "船橋市 葛飾町","C175.204": "船橋市 金杉","C175.205": "船橋市 金杉台","C175.206": "船橋市 金杉町","C175.207": "船橋市 金堀町","C175.208": "船橋市 上山町","C175.209": "船橋市 北本町","C175.210": "船橋市 行田","C175.211": "船橋市 行田町","C175.212": "船橋市 楠が山町","C175.213": "船橋市 車方町","C175.214": "船橋市 高野台","C175.215": "船橋市 古作","C175.216": "船橋市 古作町","C175.217": "船橋市 小野田町","C175.218": "船橋市 小室町","C175.219": "船橋市 米ケ崎町","C175.220": "船橋市 古和釜町","C175.221": "船橋市 栄町","C175.222": "船橋市 咲が丘","C175.223": "船橋市 潮見町","C175.224": "船橋市 芝山","C175.225": "船橋市 新高根","C175.226": "船橋市 神保町","C175.227": "船橋市 鈴身町","C175.228": "船橋市 駿河台","C175.229": "船橋市 高瀬町","C175.230": "船橋市 高根台","C175.231": "船橋市 高根町","C175.232": "船橋市 滝台","C175.233": "船橋市 滝台町","C175.234": "船橋市 田喜野井","C175.235": "船橋市 坪井町","C175.236": "船橋市 坪井西","C175.237": "船橋市 坪井東","C175.238": "船橋市 豊富町","C175.239": "船橋市 中野木","C175.240": "船橋市 夏見","C175.241": "船橋市 夏見台","C175.242": "船橋市 夏見町","C175.243": "船橋市 七林町","C175.244": "船橋市 習志野","C175.245": "船橋市 習志野台","C175.246": "船橋市 西浦","C175.247": "船橋市 西習志野","C175.248": "船橋市 西船","C175.249": "船橋市 二宮","C175.250": "船橋市 飯山満町","C175.251": "船橋市 浜町","C175.252": "船橋市 東中山","C175.253": "船橋市 東船橋","C175.254": "船橋市 日の出","C175.255": "船橋市 藤原","C175.256": "船橋市 二子町","C175.257": "船橋市 二和西","C175.258": "船橋市 二和東","C175.259": "船橋市 本郷町","C175.260": "船橋市 本町","C175.261": "船橋市 前貝塚町","C175.262": "船橋市 前原西","C175.263": "船橋市 前原東","C175.264": "船橋市 馬込町","C175.265": "船橋市 馬込西","C175.266": "船橋市 松が丘","C175.267": "船橋市 丸山","C175.268": "船橋市 三咲","C175.269": "船橋市 三咲町","C175.270": "船橋市 緑台","C175.271": "船橋市 湊町","C175.272": "船橋市 南海神","C175.273": "船橋市 南本町","C175.274": "船橋市 南三咲","C175.275": "船橋市 みやぎ台","C175.276": "船橋市 三山","C175.277": "船橋市 宮本","C175.278": "船橋市 本中山","C175.279": "船橋市 八木が谷","C175.280": "船橋市 八木が谷町","C175.281": "船橋市 薬円台","C175.282": "船橋市 薬園台町","C175.283": "船橋市 山手","C175.284": "船橋市 山野町","C175.285": "船橋市 若松","C175.286": "館山市 相浜","C175.287": "館山市 安布里","C175.288": "館山市 安東","C175.289": "館山市 飯沼","C175.290": "館山市 出野尾","C175.291": "館山市 伊戸","C175.292": "館山市 稲","C175.293": "館山市 犬石","C175.294": "館山市 上野原","C175.295": "館山市 江田","C175.296": "館山市 大網","C175.297": "館山市 大井","C175.298": "館山市 大賀","C175.299": "館山市 大戸","C175.300": "館山市 岡田"}}