{"ja-JP": {"C176.1": "館山市 加賀名","C176.2": "館山市 笠名","C176.3": "館山市 神余","C176.4": "館山市 上真倉","C176.5": "館山市 亀ケ原","C176.6": "館山市 川名","C176.7": "館山市 見物","C176.8": "館山市 香","C176.9": "館山市 国分","C176.10": "館山市 腰越","C176.11": "館山市 小沼","C176.12": "館山市 小原","C176.13": "館山市 古茂口","C176.14": "館山市 坂井","C176.15": "館山市 坂足","C176.16": "館山市 作名","C176.17": "館山市 佐野","C176.18": "館山市 塩見","C176.19": "館山市 下真倉","C176.20": "館山市 新宿","C176.21": "館山市 洲崎","C176.22": "館山市 洲宮","C176.23": "館山市 薗","C176.24": "館山市 大神宮","C176.25": "館山市 高井","C176.26": "館山市 竹原","C176.27": "館山市 館山","C176.28": "館山市 中里","C176.29": "館山市 長須賀","C176.30": "館山市 那古","C176.31": "館山市 南条","C176.32": "館山市 西川名","C176.33": "館山市 西長田","C176.34": "館山市 沼","C176.35": "館山市 波左間","C176.36": "館山市 畑","C176.37": "館山市 浜田","C176.38": "館山市 早物","C176.39": "館山市 坂田","C176.40": "館山市 東長田","C176.41": "館山市 広瀬","C176.42": "館山市 富士見","C176.43": "館山市 藤原","C176.44": "館山市 二子","C176.45": "館山市 船形","C176.46": "館山市 宝貝","C176.47": "館山市 北条","C176.48": "館山市 北条正木","C176.49": "館山市 正木","C176.50": "館山市 水岡","C176.51": "館山市 水玉","C176.52": "館山市 湊","C176.53": "館山市 宮城","C176.54": "館山市 布沼","C176.55": "館山市 布良","C176.56": "館山市 茂名","C176.57": "館山市 山本","C176.58": "館山市 山荻","C176.59": "館山市 八幡","C176.60": "館山市 竜岡","C176.61": "木更津市 朝日","C176.62": "木更津市 吾妻","C176.63": "木更津市 有吉","C176.64": "木更津市 井尻","C176.65": "木更津市 伊豆島","C176.66": "木更津市 岩根","C176.67": "木更津市 犬成","C176.68": "木更津市 牛込","C176.69": "木更津市 牛袋","C176.70": "木更津市 牛袋野","C176.71": "木更津市 瓜倉","C176.72": "木更津市 江川","C176.73": "木更津市 大稲","C176.74": "木更津市 大久保","C176.75": "木更津市 太田","C176.76": "木更津市 大寺","C176.77": "木更津市 貝渕","C176.78": "木更津市 かずさ鎌足","C176.79": "木更津市 金田東","C176.80": "木更津市 上烏田","C176.81": "木更津市 上根岸","C176.82": "木更津市 上望陀","C176.83": "木更津市 茅野","C176.84": "木更津市 茅野七曲","C176.85": "木更津市 祇園","C176.86": "木更津市 木更津","C176.87": "木更津市 北浜町","C176.88": "木更津市 清川","C176.89": "木更津市 清見台","C176.90": "木更津市 清見台東","C176.91": "木更津市 清見台南","C176.92": "木更津市 草敷","C176.93": "木更津市 久津間","C176.94": "木更津市 畔戸","C176.95": "木更津市 下内橋","C176.96": "木更津市 港南台","C176.97": "木更津市 小浜","C176.98": "木更津市 幸町","C176.99": "木更津市 坂戸市場","C176.100": "木更津市 桜井","C176.101": "木更津市 桜井新町","C176.102": "木更津市 桜町","C176.103": "木更津市 笹子","C176.104": "木更津市 佐野","C176.105": "木更津市 潮浜","C176.106": "木更津市 潮見","C176.107": "木更津市 下烏田","C176.108": "木更津市 下郡","C176.109": "木更津市 下宮田","C176.110": "木更津市 下望陀","C176.111": "木更津市 請西","C176.112": "木更津市 請西東","C176.113": "木更津市 請西南","C176.114": "木更津市 新宿","C176.115": "木更津市 新田","C176.116": "木更津市 新港","C176.117": "木更津市 菅生","C176.118": "木更津市 曽根","C176.119": "木更津市 高砂","C176.120": "木更津市 高柳","C176.121": "木更津市 田川","C176.122": "木更津市 中央","C176.123": "木更津市 築地","C176.124": "木更津市 椿","C176.125": "木更津市 十日市場","C176.126": "木更津市 戸国","C176.127": "木更津市 永井作","C176.128": "木更津市 中尾","C176.129": "木更津市 中烏田","C176.130": "木更津市 中里","C176.131": "木更津市 中島","C176.132": "木更津市 中島地先海ほたる","C176.133": "木更津市 長須賀","C176.134": "木更津市 中野","C176.135": "木更津市 中の島","C176.136": "木更津市 西岩根","C176.137": "木更津市 根岸","C176.138": "木更津市 畑沢","C176.139": "木更津市 畑沢南","C176.140": "木更津市 八幡台","C176.141": "木更津市 羽鳥野","C176.142": "木更津市 東太田","C176.143": "木更津市 東中央","C176.144": "木更津市 日の出町","C176.145": "木更津市 富士見","C176.146": "木更津市 文京","C176.147": "木更津市 ほたる野","C176.148": "木更津市 本郷","C176.149": "木更津市 真舟","C176.150": "木更津市 真里","C176.151": "木更津市 真里谷","C176.152": "木更津市 万石","C176.153": "木更津市 木材港","C176.154": "木更津市 矢那","C176.155": "木更津市 大和","C176.156": "木更津市 山本七曲","C176.157": "木更津市 若葉町","C176.158": "松戸市 秋山","C176.159": "松戸市 旭町","C176.160": "松戸市 岩瀬","C176.161": "松戸市 大金平","C176.162": "松戸市 大橋","C176.163": "松戸市 大谷口","C176.164": "松戸市 大谷口新田","C176.165": "松戸市 上総内","C176.166": "松戸市 金ケ作","C176.167": "松戸市 紙敷","C176.168": "松戸市 上本郷","C176.169": "松戸市 上矢切","C176.170": "松戸市 河原塚","C176.171": "松戸市 北松戸","C176.172": "松戸市 串崎新田","C176.173": "松戸市 串崎南町","C176.174": "松戸市 久保平賀","C176.175": "松戸市 栗ケ沢","C176.176": "松戸市 栗山","C176.177": "松戸市 幸田","C176.178": "松戸市 幸谷","C176.179": "松戸市 古ケ崎","C176.180": "松戸市 小金","C176.181": "松戸市 小金上総町","C176.182": "松戸市 小金きよしケ丘","C176.183": "松戸市 小金清志町","C176.184": "松戸市 小金原","C176.185": "松戸市 五香","C176.186": "松戸市 五香西","C176.187": "松戸市 五香南","C176.188": "松戸市 五香六実","C176.189": "松戸市 小根本","C176.190": "松戸市 小山","C176.191": "松戸市 胡録台","C176.192": "松戸市 栄町","C176.193": "松戸市 栄町西","C176.194": "松戸市 七右衛門新田","C176.195": "松戸市 下矢切","C176.196": "松戸市 新作","C176.197": "松戸市 新松戸","C176.198": "松戸市 新松戸北","C176.199": "松戸市 新松戸東","C176.200": "松戸市 新松戸南","C176.201": "松戸市 千駄堀","C176.202": "松戸市 高塚新田","C176.203": "松戸市 高柳","C176.204": "松戸市 高柳新田","C176.205": "松戸市 竹ケ花","C176.206": "松戸市 竹ケ花西町","C176.207": "松戸市 田中新田","C176.208": "松戸市 常盤平","C176.209": "松戸市 常盤平陣屋前","C176.210": "松戸市 常盤平西窪町","C176.211": "松戸市 常盤平双葉町","C176.212": "松戸市 常盤平松葉町","C176.213": "松戸市 常盤平柳町","C176.214": "松戸市 殿平賀","C176.215": "松戸市 仲井町","C176.216": "松戸市 中金杉","C176.217": "松戸市 中根","C176.218": "松戸市 中根長津町","C176.219": "松戸市 中矢切","C176.220": "松戸市 中和倉","C176.221": "松戸市 西馬橋","C176.222": "松戸市 西馬橋相川町","C176.223": "松戸市 西馬橋蔵元町","C176.224": "松戸市 西馬橋幸町","C176.225": "松戸市 西馬橋広手町","C176.226": "松戸市 二十世紀が丘柿の木町","C176.227": "松戸市 二十世紀が丘戸山町","C176.228": "松戸市 二十世紀が丘中松町","C176.229": "松戸市 二十世紀が丘梨元町","C176.230": "松戸市 二十世紀が丘萩町","C176.231": "松戸市 二十世紀が丘丸山町","C176.232": "松戸市 二十世紀が丘美野里町","C176.233": "松戸市 根木内","C176.234": "松戸市 根本","C176.235": "松戸市 野菊野","C176.236": "松戸市 八ケ崎","C176.237": "松戸市 八ケ崎緑町","C176.238": "松戸市 初富飛地","C176.239": "松戸市 東平賀","C176.240": "松戸市 東松戸","C176.241": "松戸市 日暮","C176.242": "松戸市 樋野口","C176.243": "松戸市 平賀","C176.244": "松戸市 二ツ木","C176.245": "松戸市 二ツ木二葉町","C176.246": "松戸市 本町","C176.247": "松戸市 牧の原","C176.248": "松戸市 松戸","C176.249": "松戸市 松戸新田","C176.250": "松戸市 松飛台","C176.251": "松戸市 馬橋","C176.252": "松戸市 三ケ月","C176.253": "松戸市 緑ケ丘","C176.254": "松戸市 南花島","C176.255": "松戸市 稔台","C176.256": "松戸市 三矢小台","C176.257": "松戸市 六実","C176.258": "松戸市 主水新田","C176.259": "松戸市 横須賀","C176.260": "松戸市 吉井町","C176.261": "松戸市 六高台","C176.262": "松戸市 六高台西","C176.263": "松戸市 和名ケ谷","C176.264": "野田市 泉","C176.265": "野田市 今上","C176.266": "野田市 岩名","C176.267": "野田市 大殿井","C176.268": "野田市 岡田","C176.269": "野田市 尾崎","C176.270": "野田市 尾崎台","C176.271": "野田市 親野井","C176.272": "野田市 小山","C176.273": "野田市 柏寺","C176.274": "野田市 春日町","C176.275": "野田市 金杉","C176.276": "野田市 上三ケ尾","C176.277": "野田市 上花輪","C176.278": "野田市 上花輪新町","C176.279": "野田市 木野崎","C176.280": "野田市 木間ケ瀬","C176.281": "野田市 桐ケ作","C176.282": "野田市 光葉町","C176.283": "野田市 五木","C176.284": "野田市 五木新田","C176.285": "野田市 五木新町","C176.286": "野田市 古布内","C176.287": "野田市 座生","C176.288": "野田市 桜木","C176.289": "野田市 桜台","C176.290": "野田市 桜の里","C176.291": "野田市 清水","C176.292": "野田市 清水公園東","C176.293": "野田市 下三ケ尾","C176.294": "野田市 関宿内町","C176.295": "野田市 関宿江戸町","C176.296": "野田市 関宿三軒家","C176.297": "野田市 関宿台町","C176.298": "野田市 関宿町","C176.299": "野田市 関宿元町","C176.300": "野田市 瀬戸"}}