{"ja-JP": {"C177.1": "野田市 堤台","C177.2": "野田市 堤根","C177.3": "野田市 つつみ野","C177.4": "野田市 鶴奉","C177.5": "野田市 中里","C177.6": "野田市 中戸","C177.7": "野田市 中根","C177.8": "野田市 中野台","C177.9": "野田市 中野台鹿島町","C177.10": "野田市 七光台","C177.11": "野田市 次木","C177.12": "野田市 西高野","C177.13": "野田市 西三ケ尾","C177.14": "野田市 新田戸","C177.15": "野田市 野田","C177.16": "野田市 花井","C177.17": "野田市 はやま","C177.18": "野田市 蕃昌","C177.19": "野田市 東金野井","C177.20": "野田市 東高野","C177.21": "野田市 東宝珠花","C177.22": "野田市 日の出町","C177.23": "野田市 平井","C177.24": "野田市 二ツ塚","C177.25": "野田市 船形","C177.26": "野田市 丸井","C177.27": "野田市 みずき","C177.28": "野田市 三ツ堀","C177.29": "野田市 宮崎","C177.30": "野田市 莚打","C177.31": "野田市 目吹","C177.32": "野田市 谷津","C177.33": "野田市 柳沢","C177.34": "野田市 山崎","C177.35": "野田市 山崎梅の台","C177.36": "野田市 山崎貝塚町","C177.37": "野田市 山崎新町","C177.38": "野田市 横内","C177.39": "野田市 吉春","C177.40": "茂原市 粟生野","C177.41": "茂原市 芦網","C177.42": "茂原市 石神","C177.43": "茂原市 内長谷","C177.44": "茂原市 榎神房","C177.45": "茂原市 榎神房飛地","C177.46": "茂原市 大沢","C177.47": "茂原市 大芝","C177.48": "茂原市 大登","C177.49": "茂原市 押日","C177.50": "茂原市 桂","C177.51": "茂原市 桂飛地","C177.52": "茂原市 上太田","C177.53": "茂原市 上永吉","C177.54": "茂原市 上茂原","C177.55": "茂原市 萱場","C177.56": "茂原市 川島飛地","C177.57": "茂原市 上林","C177.58": "茂原市 木崎","C177.59": "茂原市 北高根飛地","C177.60": "茂原市 北塚","C177.61": "茂原市 黒戸","C177.62": "茂原市 国府関","C177.63": "茂原市 小萱場","C177.64": "茂原市 小轡","C177.65": "茂原市 腰当","C177.66": "茂原市 小林","C177.67": "茂原市 猿袋","C177.68": "茂原市 三ケ谷","C177.69": "茂原市 柴名","C177.70": "茂原市 渋谷","C177.71": "茂原市 清水","C177.72": "茂原市 下太田","C177.73": "茂原市 下永吉","C177.74": "茂原市 庄吉","C177.75": "茂原市 新小轡","C177.76": "茂原市 墨田","C177.77": "茂原市 千沢","C177.78": "茂原市 千町","C177.79": "茂原市 台田","C177.80": "茂原市 高師","C177.81": "茂原市 高師台","C177.82": "茂原市 高師町","C177.83": "茂原市 高田","C177.84": "茂原市 立木","C177.85": "茂原市 中善寺","C177.86": "茂原市 中部","C177.87": "茂原市 千代田町","C177.88": "茂原市 綱島","C177.89": "茂原市 東郷","C177.90": "茂原市 道表","C177.91": "茂原市 東部台","C177.92": "茂原市 長尾","C177.93": "茂原市 長清水","C177.94": "茂原市 中之郷飛地","C177.95": "茂原市 中の島町","C177.96": "茂原市 長谷","C177.97": "茂原市 七渡","C177.98": "茂原市 西野","C177.99": "茂原市 萩原町","C177.100": "茂原市 早野","C177.101": "茂原市 早野新田","C177.102": "茂原市 東茂原","C177.103": "茂原市 法目","C177.104": "茂原市 本小轡","C177.105": "茂原市 本納","C177.106": "茂原市 町保","C177.107": "茂原市 真名","C177.108": "茂原市 御蔵芝","C177.109": "茂原市 緑ケ丘","C177.110": "茂原市 緑町","C177.111": "茂原市 南吉田","C177.112": "茂原市 箕輪","C177.113": "茂原市 六ツ野","C177.114": "茂原市 茂原","C177.115": "茂原市 茂原西","C177.116": "茂原市 野牛","C177.117": "茂原市 八千代","C177.118": "茂原市 山崎","C177.119": "茂原市 谷本","C177.120": "茂原市 八幡原","C177.121": "茂原市 弓渡","C177.122": "茂原市 吉井上","C177.123": "茂原市 吉井下","C177.124": "茂原市 六田台","C177.125": "茂原市 鷲巣","C177.126": "成田市 青山","C177.127": "成田市 赤荻","C177.128": "成田市 赤坂","C177.129": "成田市 芦田","C177.130": "成田市 東町","C177.131": "成田市 吾妻","C177.132": "成田市 荒海","C177.133": "成田市 安西","C177.134": "成田市 飯田町","C177.135": "成田市 飯仲","C177.136": "成田市 囲護台","C177.137": "成田市 磯部","C177.138": "成田市 伊能","C177.139": "成田市 飯岡","C177.140": "成田市 ウイング土屋","C177.141": "成田市 臼作","C177.142": "成田市 江弁須","C177.143": "成田市 大生","C177.144": "成田市 大清水","C177.145": "成田市 大菅","C177.146": "成田市 大竹","C177.147": "成田市 大沼","C177.148": "成田市 大袋","C177.149": "成田市 大室","C177.150": "成田市 大山","C177.151": "成田市 大和田","C177.152": "成田市 押畑","C177.153": "成田市 小野","C177.154": "成田市 上町","C177.155": "成田市 上福田","C177.156": "成田市 加良部","C177.157": "成田市 川上","C177.158": "成田市 川栗","C177.159": "成田市 官林","C177.160": "成田市 北須賀","C177.161": "成田市 北羽鳥","C177.162": "成田市 吉岡","C177.163": "成田市 木の根","C177.164": "成田市 久井崎","C177.165": "成田市 久住中央","C177.166": "成田市 久米","C177.167": "成田市 久米野","C177.168": "成田市 倉水","C177.169": "成田市 小泉","C177.170": "成田市 公津の杜","C177.171": "成田市 郷部","C177.172": "成田市 御所の内","C177.173": "成田市 小菅","C177.174": "成田市 小浮","C177.175": "成田市 駒井野","C177.176": "成田市 幸町","C177.177": "成田市 桜田","C177.178": "成田市 佐野","C177.179": "成田市 猿山","C177.180": "成田市 三里塚","C177.181": "成田市 三里塚御料","C177.182": "成田市 三里塚光ケ丘","C177.183": "成田市 地蔵原新田","C177.184": "成田市 下方","C177.185": "成田市 芝","C177.186": "成田市 柴田","C177.187": "成田市 下金山","C177.188": "成田市 下福田","C177.189": "成田市 新泉","C177.190": "成田市 新川","C177.191": "成田市 新駒井野","C177.192": "成田市 新田","C177.193": "成田市 新町","C177.194": "成田市 関戸","C177.195": "成田市 浅間","C177.196": "成田市 宗吾","C177.197": "成田市 大栄十余三","C177.198": "成田市 台方","C177.199": "成田市 高","C177.200": "成田市 高岡","C177.201": "成田市 高倉","C177.202": "成田市 宝田","C177.203": "成田市 竜台","C177.204": "成田市 田町","C177.205": "成田市 玉造","C177.206": "成田市 多良貝","C177.207": "成田市 土室","C177.208": "成田市 土屋","C177.209": "成田市 津富浦","C177.210": "成田市 寺台","C177.211": "成田市 天神峰","C177.212": "成田市 天浪","C177.213": "成田市 稲荷山","C177.214": "成田市 東峰","C177.215": "成田市 東和田","C177.216": "成田市 所","C177.217": "成田市 取香","C177.218": "成田市 冬父","C177.219": "成田市 十余三","C177.220": "成田市 中里","C177.221": "成田市 長田","C177.222": "成田市 中台","C177.223": "成田市 長沼","C177.224": "成田市 中野","C177.225": "成田市 仲町","C177.226": "成田市 名木","C177.227": "成田市 名古屋","C177.228": "成田市 南敷","C177.229": "成田市 奈土","C177.230": "成田市 七沢","C177.231": "成田市 並木町","C177.232": "成田市 滑川","C177.233": "成田市 成田","C177.234": "成田市 成井","C177.235": "成田市 成毛","C177.236": "成田市 南部","C177.237": "成田市 南平台","C177.238": "成田市 西和泉","C177.239": "成田市 西大須賀","C177.240": "成田市 西三里塚","C177.241": "成田市 新妻","C177.242": "成田市 野毛平","C177.243": "成田市 野馬込","C177.244": "成田市 橋賀台","C177.245": "成田市 畑ケ田","C177.246": "成田市 幡谷","C177.247": "成田市 花崎町","C177.248": "成田市 はなのき台","C177.249": "成田市 馬場","C177.250": "成田市 東和泉","C177.251": "成田市 東金山","C177.252": "成田市 東三里塚","C177.253": "成田市 東ノ台","C177.254": "成田市 一坪田","C177.255": "成田市 不動ケ岡","C177.256": "成田市 船形","C177.257": "成田市 古込","C177.258": "成田市 堀籠","C177.259": "成田市 北部","C177.260": "成田市 堀之内","C177.261": "成田市 本三里塚","C177.262": "成田市 本城","C177.263": "成田市 本町","C177.264": "成田市 前林","C177.265": "成田市 馬乗里","C177.266": "成田市 松子","C177.267": "成田市 馬橋","C177.268": "成田市 松崎","C177.269": "成田市 美郷台","C177.270": "成田市 水掛","C177.271": "成田市 水の上","C177.272": "成田市 南三里塚","C177.273": "成田市 南羽鳥","C177.274": "成田市 村田","C177.275": "成田市 八代","C177.276": "成田市 山口","C177.277": "成田市 山之作","C177.278": "成田市 横山","C177.279": "成田市 吉倉","C177.280": "成田市 四谷","C177.281": "成田市 米野","C177.282": "成田市 和田","C177.283": "佐倉市 青菅","C177.284": "佐倉市 畔田","C177.285": "佐倉市 天辺","C177.286": "佐倉市 飯重","C177.287": "佐倉市 飯田","C177.288": "佐倉市 飯田台","C177.289": "佐倉市 飯塚","C177.290": "佐倉市 飯野","C177.291": "佐倉市 飯野町","C177.292": "佐倉市 石川","C177.293": "佐倉市 稲荷台","C177.294": "佐倉市 井野","C177.295": "佐倉市 井野町","C177.296": "佐倉市 岩富","C177.297": "佐倉市 岩富町","C177.298": "佐倉市 岩名","C177.299": "佐倉市 印南","C177.300": "佐倉市 臼井"}}