{"ja-JP": {"C178.1": "佐倉市 臼井田","C178.2": "佐倉市 臼井台","C178.3": "佐倉市 内田","C178.4": "佐倉市 裏新町","C178.5": "佐倉市 瓜坪新田","C178.6": "佐倉市 江原","C178.7": "佐倉市 江原新田","C178.8": "佐倉市 江原台","C178.9": "佐倉市 王子台","C178.10": "佐倉市 大崎台","C178.11": "佐倉市 大作","C178.12": "佐倉市 大佐倉","C178.13": "佐倉市 大篠塚","C178.14": "佐倉市 大蛇町","C178.15": "佐倉市 太田","C178.16": "佐倉市 小竹","C178.17": "佐倉市 生谷","C178.18": "佐倉市 表町","C178.19": "佐倉市 海隣寺町","C178.20": "佐倉市 角来","C178.21": "佐倉市 鹿島干拓","C178.22": "佐倉市 鏑木仲田町","C178.23": "佐倉市 鏑木町","C178.24": "佐倉市 上勝田","C178.25": "佐倉市 上志津","C178.26": "佐倉市 上志津原","C178.27": "佐倉市 上代","C178.28": "佐倉市 上別所","C178.29": "佐倉市 木野子","C178.30": "佐倉市 神門","C178.31": "佐倉市 小篠塚","C178.32": "佐倉市 米戸","C178.33": "佐倉市 栄町","C178.34": "佐倉市 坂戸","C178.35": "佐倉市 寒風","C178.36": "佐倉市 山王","C178.37": "佐倉市 下勝田","C178.38": "佐倉市 下志津","C178.39": "佐倉市 下志津原","C178.40": "佐倉市 下根","C178.41": "佐倉市 下根町","C178.42": "佐倉市 樹木町","C178.43": "佐倉市 城","C178.44": "佐倉市 上座","C178.45": "佐倉市 城内町","C178.46": "佐倉市 白銀","C178.47": "佐倉市 新臼井田","C178.48": "佐倉市 新町","C178.49": "佐倉市 千成","C178.50": "佐倉市 染井野","C178.51": "佐倉市 高岡","C178.52": "佐倉市 高崎","C178.53": "佐倉市 田町","C178.54": "佐倉市 土浮","C178.55": "佐倉市 坪山新田","C178.56": "佐倉市 寺崎","C178.57": "佐倉市 寺崎北","C178.58": "佐倉市 藤治台","C178.59": "佐倉市 直弥","C178.60": "佐倉市 長熊","C178.61": "佐倉市 中志津","C178.62": "佐倉市 中尾余町","C178.63": "佐倉市 七曲","C178.64": "佐倉市 鍋山町","C178.65": "佐倉市 並木町","C178.66": "佐倉市 西志津","C178.67": "佐倉市 西御門","C178.68": "佐倉市 西ユーカリが丘","C178.69": "佐倉市 萩山新田","C178.70": "佐倉市 八幡台","C178.71": "佐倉市 羽鳥","C178.72": "佐倉市 春路","C178.73": "佐倉市 藤沢町","C178.74": "佐倉市 将門町","C178.75": "佐倉市 先崎","C178.76": "佐倉市 馬渡","C178.77": "佐倉市 南臼井台","C178.78": "佐倉市 南ユーカリが丘","C178.79": "佐倉市 宮内","C178.80": "佐倉市 宮小路町","C178.81": "佐倉市 宮ノ台","C178.82": "佐倉市 宮前","C178.83": "佐倉市 宮本","C178.84": "佐倉市 弥勒町","C178.85": "佐倉市 六崎","C178.86": "佐倉市 最上町","C178.87": "佐倉市 本町","C178.88": "佐倉市 八木","C178.89": "佐倉市 野狐台町","C178.90": "佐倉市 山崎","C178.91": "佐倉市 ユーカリが丘","C178.92": "佐倉市 吉見","C178.93": "東金市 粟生飛地","C178.94": "東金市 荒生","C178.95": "東金市 家之子","C178.96": "東金市 砂古瀬","C178.97": "東金市 一之袋","C178.98": "東金市 上谷","C178.99": "東金市 大沼","C178.100": "東金市 大沼田","C178.101": "東金市 丘山台","C178.102": "東金市 押堀","C178.103": "東金市 小野","C178.104": "東金市 家徳","C178.105": "東金市 上布田","C178.106": "東金市 上武射田","C178.107": "東金市 川場","C178.108": "東金市 北幸谷","C178.109": "東金市 北之幸谷","C178.110": "東金市 季美の森東","C178.111": "東金市 求名","C178.112": "東金市 幸田","C178.113": "東金市 極楽寺","C178.114": "東金市 小沼田","C178.115": "東金市 士農田","C178.116": "東金市 下武射田","C178.117": "東金市 下谷","C178.118": "東金市 宿","C178.119": "東金市 酒蔵","C178.120": "東金市 薄島","C178.121": "東金市 関内","C178.122": "東金市 関下","C178.123": "東金市 台方","C178.124": "東金市 高倉","C178.125": "東金市 滝","C178.126": "東金市 滝沢","C178.127": "東金市 田中","C178.128": "東金市 田間","C178.129": "東金市 丹尾","C178.130": "東金市 東金","C178.131": "東金市 道庭","C178.132": "東金市 殿廻","C178.133": "東金市 中野","C178.134": "東金市 西中","C178.135": "東金市 西野飛地","C178.136": "東金市 西福俵","C178.137": "東金市 二之袋","C178.138": "東金市 東岩崎","C178.139": "東金市 東上宿","C178.140": "東金市 東新宿","C178.141": "東金市 東中","C178.142": "東金市 東中島","C178.143": "東金市 菱沼","C178.144": "東金市 日吉台","C178.145": "東金市 広瀬","C178.146": "東金市 福俵","C178.147": "東金市 藤下飛地","C178.148": "東金市 二又","C178.149": "東金市 不動堂飛地","C178.150": "東金市 細屋敷","C178.151": "東金市 堀上","C178.152": "東金市 堀之内","C178.153": "東金市 前之内","C178.154": "東金市 松之郷","C178.155": "東金市 大豆谷","C178.156": "東金市 三浦名","C178.157": "東金市 三ケ尻","C178.158": "東金市 御門","C178.159": "東金市 南上宿","C178.160": "東金市 宮","C178.161": "東金市 八坂台","C178.162": "東金市 山口","C178.163": "東金市 山田","C178.164": "東金市 油井","C178.165": "東金市 依古島","C178.166": "旭市 秋田","C178.167": "旭市 足川","C178.168": "旭市 イ","C178.169": "旭市 飯岡","C178.170": "旭市 幾世","C178.171": "旭市 泉川","C178.172": "旭市 井戸野","C178.173": "旭市 入野","C178.174": "旭市 岩井","C178.175": "旭市 岩崎","C178.176": "旭市 後草","C178.177": "旭市 江ケ崎","C178.178": "旭市 大塚原","C178.179": "旭市 大間手","C178.180": "旭市 鏑木","C178.181": "旭市 鎌数","C178.182": "旭市 上永井","C178.183": "旭市 川口","C178.184": "旭市 行内","C178.185": "旭市 清滝","C178.186": "旭市 倉橋","C178.187": "旭市 琴田","C178.188": "旭市 駒込","C178.189": "旭市 権田沼新田","C178.190": "旭市 櫻井","C178.191": "旭市 さくら台","C178.192": "旭市 三川","C178.193": "旭市 椎名内","C178.194": "旭市 下永井","C178.195": "旭市 神宮寺","C178.196": "旭市 新町","C178.197": "旭市 清和乙","C178.198": "旭市 清和甲","C178.199": "旭市 関戸","C178.200": "旭市 高生","C178.201": "旭市 長尾","C178.202": "旭市 長部","C178.203": "旭市 中谷里","C178.204": "旭市 ニ","C178.205": "旭市 西足洗","C178.206": "旭市 仁玉","C178.207": "旭市 野中","C178.208": "旭市 ハ","C178.209": "旭市 萩園","C178.210": "旭市 塙","C178.211": "旭市 東足洗","C178.212": "旭市 平松","C178.213": "旭市 舟戸","C178.214": "旭市 蛇園","C178.215": "旭市 松ケ谷","C178.216": "旭市 萬歳","C178.217": "旭市 萬力","C178.218": "旭市 溝原","C178.219": "旭市 南堀之内","C178.220": "旭市 見広","C178.221": "旭市 狢野","C178.222": "旭市 八木","C178.223": "旭市 横根","C178.224": "旭市 米込","C178.225": "旭市 ロ","C178.226": "習志野市 茜浜","C178.227": "習志野市 秋津","C178.228": "習志野市 泉町","C178.229": "習志野市 大久保","C178.230": "習志野市 香澄","C178.231": "習志野市 奏の杜","C178.232": "習志野市 鷺沼","C178.233": "習志野市 鷺沼台","C178.234": "習志野市 芝園","C178.235": "習志野市 新栄","C178.236": "習志野市 袖ケ浦","C178.237": "習志野市 津田沼","C178.238": "習志野市 花咲","C178.239": "習志野市 東習志野","C178.240": "習志野市 藤崎","C178.241": "習志野市 実籾","C178.242": "習志野市 実籾本郷","C178.243": "習志野市 本大久保","C178.244": "習志野市 屋敷","C178.245": "習志野市 谷津","C178.246": "習志野市 谷津町","C178.247": "柏市 青田新田飛地","C178.248": "柏市 青葉台","C178.249": "柏市 あかね町","C178.250": "柏市 明原","C178.251": "柏市 あけぼの","C178.252": "柏市 曙橋","C178.253": "柏市 旭町","C178.254": "柏市 東","C178.255": "柏市 東上町","C178.256": "柏市 東台本町","C178.257": "柏市 泉","C178.258": "柏市 泉町","C178.259": "柏市 泉村新田","C178.260": "柏市 伊勢原","C178.261": "柏市 今谷上町","C178.262": "柏市 今谷南町","C178.263": "柏市 岩井","C178.264": "柏市 岩井村新田","C178.265": "柏市 永楽台","C178.266": "柏市 大青田","C178.267": "柏市 大井","C178.268": "柏市 大井新田","C178.269": "柏市 大島田","C178.270": "柏市 大津ケ丘","C178.271": "柏市 大塚町","C178.272": "柏市 大室","C178.273": "柏市 大山台","C178.274": "柏市 加賀","C178.275": "柏市 風早","C178.276": "柏市 柏","C178.277": "柏市 柏インター東","C178.278": "柏市 柏下","C178.279": "柏市 柏中村下","C178.280": "柏市 柏の葉","C178.281": "柏市 柏堀之内新田","C178.282": "柏市 片山","C178.283": "柏市 片山新田","C178.284": "柏市 金山","C178.285": "柏市 上利根","C178.286": "柏市 かやの町","C178.287": "柏市 北柏","C178.288": "柏市 北柏台","C178.289": "柏市 亀甲台町","C178.290": "柏市 小青田","C178.291": "柏市 高南台","C178.292": "柏市 五條谷","C178.293": "柏市 酒井根","C178.294": "柏市 逆井","C178.295": "柏市 逆井藤ノ台","C178.296": "柏市 桜台","C178.297": "柏市 しいの木台","C178.298": "柏市 篠籠田","C178.299": "柏市 宿連寺","C178.300": "柏市 正連寺"}}