{"ja-JP": {"C179.1": "柏市 新柏","C179.2": "柏市 新逆井","C179.3": "柏市 新富町","C179.4": "柏市 新十余二","C179.5": "柏市 水道橋","C179.6": "柏市 末広町","C179.7": "柏市 関場町","C179.8": "柏市 千間橋","C179.9": "柏市 染井入新田","C179.10": "柏市 高田","C179.11": "柏市 高柳","C179.12": "柏市 高柳新田","C179.13": "柏市 中央","C179.14": "柏市 中央町","C179.15": "柏市 千代田","C179.16": "柏市 塚崎","C179.17": "柏市 つくしが丘","C179.18": "柏市 手賀","C179.19": "柏市 手賀新田","C179.20": "柏市 手賀の杜","C179.21": "柏市 常盤台","C179.22": "柏市 戸張","C179.23": "柏市 戸張新田","C179.24": "柏市 富里","C179.25": "柏市 豊上町","C179.26": "柏市 豊四季","C179.27": "柏市 豊四季台","C179.28": "柏市 豊住","C179.29": "柏市 豊平町","C179.30": "柏市 十余二","C179.31": "柏市 中新宿","C179.32": "柏市 中十余二","C179.33": "柏市 中原","C179.34": "柏市 名戸ケ谷","C179.35": "柏市 西柏台","C179.36": "柏市 西町","C179.37": "柏市 西原","C179.38": "柏市 西山","C179.39": "柏市 根戸","C179.40": "柏市 根戸新田","C179.41": "柏市 八幡町","C179.42": "柏市 花野井","C179.43": "柏市 東柏","C179.44": "柏市 東逆井","C179.45": "柏市 東中新宿","C179.46": "柏市 東山","C179.47": "柏市 光ケ丘","C179.48": "柏市 光ケ丘団地","C179.49": "柏市 日立台","C179.50": "柏市 ひばりが丘","C179.51": "柏市 藤ケ谷","C179.52": "柏市 藤ケ谷新田","C179.53": "柏市 藤心","C179.54": "柏市 布施","C179.55": "柏市 布瀬","C179.56": "柏市 布施下","C179.57": "柏市 布施新田","C179.58": "柏市 布瀬新田","C179.59": "柏市 布施新町","C179.60": "柏市 船戸","C179.61": "柏市 船戸山高野","C179.62": "柏市 弁天下","C179.63": "柏市 増尾","C179.64": "柏市 増尾台","C179.65": "柏市 松ケ崎","C179.66": "柏市 松ケ崎新田","C179.67": "柏市 松葉町","C179.68": "柏市 緑ケ丘","C179.69": "柏市 みどり台","C179.70": "柏市 緑台","C179.71": "柏市 南柏","C179.72": "柏市 南柏中央","C179.73": "柏市 南逆井","C179.74": "柏市 南高柳","C179.75": "柏市 南増尾","C179.76": "柏市 箕輪","C179.77": "柏市 箕輪新田","C179.78": "柏市 向原町","C179.79": "柏市 柳戸","C179.80": "柏市 弥生町","C179.81": "柏市 豊町","C179.82": "柏市 吉野沢","C179.83": "柏市 呼塚","C179.84": "柏市 呼塚新田","C179.85": "柏市 若柴","C179.86": "柏市 若白毛","C179.87": "柏市 若葉町","C179.88": "柏市 鷲野谷","C179.89": "柏市 鷲野谷新田","C179.90": "勝浦市 赤羽根","C179.91": "勝浦市 荒川","C179.92": "勝浦市 市野川","C179.93": "勝浦市 市野郷","C179.94": "勝浦市 出水","C179.95": "勝浦市 植野","C179.96": "勝浦市 上野","C179.97": "勝浦市 植野元宮田","C179.98": "勝浦市 鵜原","C179.99": "勝浦市 大楠","C179.100": "勝浦市 大沢","C179.101": "勝浦市 大森","C179.102": "勝浦市 大森上植野入会地","C179.103": "勝浦市 興津","C179.104": "勝浦市 興津久保山台","C179.105": "勝浦市 貝掛","C179.106": "勝浦市 勝浦","C179.107": "勝浦市 蟹田","C179.108": "勝浦市 上植野","C179.109": "勝浦市 川津","C179.110": "勝浦市 串浜","C179.111": "勝浦市 小羽戸","C179.112": "勝浦市 小松野","C179.113": "勝浦市 佐野","C179.114": "勝浦市 沢倉","C179.115": "勝浦市 宿戸","C179.116": "勝浦市 白井久保","C179.117": "勝浦市 白木","C179.118": "勝浦市 新官","C179.119": "勝浦市 新戸","C179.120": "勝浦市 杉戸","C179.121": "勝浦市 関谷","C179.122": "勝浦市 台宿","C179.123": "勝浦市 墨名","C179.124": "勝浦市 中倉","C179.125": "勝浦市 中里","C179.126": "勝浦市 中島","C179.127": "勝浦市 中谷","C179.128": "勝浦市 名木","C179.129": "勝浦市 芳賀","C179.130": "勝浦市 花里","C179.131": "勝浦市 浜勝浦","C179.132": "勝浦市 浜行川","C179.133": "勝浦市 平田","C179.134": "勝浦市 部原","C179.135": "勝浦市 法花","C179.136": "勝浦市 松野","C179.137": "勝浦市 松部","C179.138": "勝浦市 南山田","C179.139": "勝浦市 守谷","C179.140": "勝浦市 吉尾","C179.141": "市原市 相川","C179.142": "市原市 青葉台","C179.143": "市原市 青柳","C179.144": "市原市 青柳海岸","C179.145": "市原市 青柳北","C179.146": "市原市 安久谷","C179.147": "市原市 浅井小向","C179.148": "市原市 旭五所","C179.149": "市原市 安須","C179.150": "市原市 朝生原","C179.151": "市原市 姉崎","C179.152": "市原市 姉崎海岸","C179.153": "市原市 姉崎西","C179.154": "市原市 海士有木","C179.155": "市原市 天羽田","C179.156": "市原市 新井","C179.157": "市原市 新生","C179.158": "市原市 新巻","C179.159": "市原市 飯沼","C179.160": "市原市 池和田","C179.161": "市原市 石神","C179.162": "市原市 石川","C179.163": "市原市 石塚","C179.164": "市原市 泉台","C179.165": "市原市 磯ケ谷","C179.166": "市原市 飯給","C179.167": "市原市 市場","C179.168": "市原市 市原","C179.169": "市原市 糸久","C179.170": "市原市 犬成","C179.171": "市原市 今津朝山","C179.172": "市原市 今富","C179.173": "市原市 不入斗","C179.174": "市原市 岩","C179.175": "市原市 岩崎","C179.176": "市原市 岩崎西","C179.177": "市原市 岩野見","C179.178": "市原市 上原","C179.179": "市原市 牛久","C179.180": "市原市 馬立","C179.181": "市原市 潤井戸","C179.182": "市原市 うるいど南","C179.183": "市原市 江子田","C179.184": "市原市 大桶","C179.185": "市原市 大久保","C179.186": "市原市 大蔵","C179.187": "市原市 大作","C179.188": "市原市 大坪","C179.189": "市原市 大戸","C179.190": "市原市 大厩","C179.191": "市原市 大和田","C179.192": "市原市 荻作","C179.193": "市原市 奥野","C179.194": "市原市 押沼","C179.195": "市原市 小田部","C179.196": "市原市 折津","C179.197": "市原市 海保","C179.198": "市原市 柿木台","C179.199": "市原市 風戸","C179.200": "市原市 神代","C179.201": "市原市 柏原","C179.202": "市原市 片又木","C179.203": "市原市 勝間","C179.204": "市原市 金沢","C179.205": "市原市 上高根","C179.206": "市原市 加茂","C179.207": "市原市 栢橋","C179.208": "市原市 川在","C179.209": "市原市 神崎","C179.210": "市原市 菊間","C179.211": "市原市 喜多","C179.212": "市原市 北国分寺台","C179.213": "市原市 吉沢","C179.214": "市原市 君塚","C179.215": "市原市 久々津","C179.216": "市原市 草刈","C179.217": "市原市 久保","C179.218": "市原市 五井","C179.219": "市原市 五井海岸","C179.220": "市原市 五井金杉","C179.221": "市原市 五井中央西","C179.222": "市原市 五井中央東","C179.223": "市原市 五井西","C179.224": "市原市 五井東","C179.225": "市原市 五井南海岸","C179.226": "市原市 高坂","C179.227": "市原市 光風台","C179.228": "市原市 小折","C179.229": "市原市 郡本","C179.230": "市原市 小草畑","C179.231": "市原市 国分寺台中央","C179.232": "市原市 国本","C179.233": "市原市 古敷谷","C179.234": "市原市 五所","C179.235": "市原市 古都辺","C179.236": "市原市 駒込","C179.237": "市原市 小谷田","C179.238": "市原市 権現堂","C179.239": "市原市 金剛地","C179.240": "市原市 西広","C179.241": "市原市 桜台","C179.242": "市原市 佐是","C179.243": "市原市 更級","C179.244": "市原市 椎津","C179.245": "市原市 椎の木台","C179.246": "市原市 島田","C179.247": "市原市 島野","C179.248": "市原市 下野","C179.249": "市原市 下矢田","C179.250": "市原市 十五沢","C179.251": "市原市 宿","C179.252": "市原市 白塚","C179.253": "市原市 白金町","C179.254": "市原市 真ケ谷","C179.255": "市原市 菅野","C179.256": "市原市 諏訪","C179.257": "市原市 瀬又","C179.258": "市原市 惣社","C179.259": "市原市 高倉","C179.260": "市原市 高田","C179.261": "市原市 高滝","C179.262": "市原市 滝口","C179.263": "市原市 武士","C179.264": "市原市 辰巳台西","C179.265": "市原市 辰巳台東","C179.266": "市原市 立野","C179.267": "市原市 田尾","C179.268": "市原市 田淵","C179.269": "市原市 田淵旧日竹","C179.270": "市原市 玉前","C179.271": "市原市 玉前西","C179.272": "市原市 千種","C179.273": "市原市 千種海岸","C179.274": "市原市 ちはら台西","C179.275": "市原市 ちはら台東","C179.276": "市原市 ちはら台南","C179.277": "市原市 廿五里","C179.278": "市原市 月崎","C179.279": "市原市 月出","C179.280": "市原市 土宇","C179.281": "市原市 鶴舞","C179.282": "市原市 出津","C179.283": "市原市 出津西","C179.284": "市原市 寺谷","C179.285": "市原市 徳氏","C179.286": "市原市 戸面","C179.287": "市原市 外部田","C179.288": "市原市 豊成","C179.289": "市原市 中","C179.290": "市原市 中高根","C179.291": "市原市 中野","C179.292": "市原市 永吉","C179.293": "市原市 奈良","C179.294": "市原市 新堀","C179.295": "市原市 西国吉","C179.296": "市原市 西国分寺台","C179.297": "市原市 西五所","C179.298": "市原市 西野","C179.299": "市原市 西野谷","C179.300": "市原市 根田"}}