{"ja-JP": {"C180.1": "市原市 能満","C180.2": "市原市 野毛","C180.3": "市原市 葉木","C180.4": "市原市 畑木","C180.5": "市原市 原田","C180.6": "市原市 番場","C180.7": "市原市 東国吉","C180.8": "市原市 東国分寺台","C180.9": "市原市 東五所","C180.10": "市原市 引田","C180.11": "市原市 櫃挾","C180.12": "市原市 平田","C180.13": "市原市 平野","C180.14": "市原市 深城","C180.15": "市原市 福増","C180.16": "市原市 藤井","C180.17": "市原市 二日市場","C180.18": "市原市 不入","C180.19": "市原市 古市場","C180.20": "市原市 平蔵","C180.21": "市原市 奉免","C180.22": "市原市 堀越","C180.23": "市原市 本郷","C180.24": "市原市 町田","C180.25": "市原市 松ケ島","C180.26": "市原市 松ケ島西","C180.27": "市原市 松崎","C180.28": "市原市 万田野","C180.29": "市原市 水沢","C180.30": "市原市 南岩崎","C180.31": "市原市 南国分寺台","C180.32": "市原市 皆吉","C180.33": "市原市 宮原","C180.34": "市原市 妙香","C180.35": "市原市 迎田","C180.36": "市原市 村上","C180.37": "市原市 門前","C180.38": "市原市 矢田","C180.39": "市原市 柳川","C180.40": "市原市 柳原","C180.41": "市原市 藪","C180.42": "市原市 山木","C180.43": "市原市 山口","C180.44": "市原市 山倉","C180.45": "市原市 山小川","C180.46": "市原市 山田","C180.47": "市原市 山田橋","C180.48": "市原市 八幡","C180.49": "市原市 八幡石塚","C180.50": "市原市 八幡浦","C180.51": "市原市 八幡海岸通","C180.52": "市原市 八幡北町","C180.53": "市原市 有秋台西","C180.54": "市原市 有秋台東","C180.55": "市原市 養老","C180.56": "市原市 米沢","C180.57": "市原市 米原","C180.58": "市原市 若宮","C180.59": "市原市 分目","C180.60": "流山市 平方原新田","C180.61": "流山市 青田","C180.62": "流山市 市野谷","C180.63": "流山市 後平井","C180.64": "流山市 江戸川台西","C180.65": "流山市 江戸川台東","C180.66": "流山市 大畔","C180.67": "流山市 思井","C180.68": "流山市 加","C180.69": "流山市 上貝塚","C180.70": "流山市 上新宿","C180.71": "流山市 上新宿新田","C180.72": "流山市 木","C180.73": "流山市 北","C180.74": "流山市 桐ケ谷","C180.75": "流山市 こうのす台","C180.76": "流山市 駒木","C180.77": "流山市 駒木台","C180.78": "流山市 小屋","C180.79": "流山市 芝崎","C180.80": "流山市 下花輪","C180.81": "流山市 十太夫","C180.82": "流山市 谷","C180.83": "流山市 中","C180.84": "流山市 長崎","C180.85": "流山市 中野久木","C180.86": "流山市 流山","C180.87": "流山市 名都借","C180.88": "流山市 西初石","C180.89": "流山市 西平井","C180.90": "流山市 西深井","C180.91": "流山市 西松ケ丘","C180.92": "流山市 野々下","C180.93": "流山市 東初石","C180.94": "流山市 東深井","C180.95": "流山市 平方","C180.96": "流山市 平方村新田","C180.97": "流山市 鰭ケ崎","C180.98": "流山市 深井新田","C180.99": "流山市 富士見台","C180.100": "流山市 古間木","C180.101": "流山市 平和台","C180.102": "流山市 前ケ崎","C180.103": "流山市 前平井","C180.104": "流山市 松ケ丘","C180.105": "流山市 美田","C180.106": "流山市 南","C180.107": "流山市 南流山","C180.108": "流山市 美原","C180.109": "流山市 宮園","C180.110": "流山市 三輪野山","C180.111": "流山市 向小金","C180.112": "流山市 若葉台","C180.113": "八千代市 神久保","C180.114": "八千代市 大和田","C180.115": "八千代市 大和田新田","C180.116": "八千代市 尾崎","C180.117": "八千代市 勝田","C180.118": "八千代市 勝田台","C180.119": "八千代市 勝田台北","C180.120": "八千代市 勝田台南","C180.121": "八千代市 神野","C180.122": "八千代市 上高野","C180.123": "八千代市 萱田","C180.124": "八千代市 萱田町","C180.125": "八千代市 桑納","C180.126": "八千代市 小池","C180.127": "八千代市 佐山","C180.128": "八千代市 島田","C180.129": "八千代市 島田台","C180.130": "八千代市 下市場","C180.131": "八千代市 下高野","C180.132": "八千代市 桑橋","C180.133": "八千代市 大学町","C180.134": "八千代市 高津","C180.135": "八千代市 高津東","C180.136": "八千代市 平戸","C180.137": "八千代市 保品","C180.138": "八千代市 堀の内","C180.139": "八千代市 真木野","C180.140": "八千代市 緑が丘","C180.141": "八千代市 麦丸","C180.142": "八千代市 村上","C180.143": "八千代市 村上南","C180.144": "八千代市 八千代台北","C180.145": "八千代市 八千代台西","C180.146": "八千代市 八千代台東","C180.147": "八千代市 八千代台南","C180.148": "八千代市 ゆりのき台","C180.149": "八千代市 吉橋","C180.150": "八千代市 米本","C180.151": "我孫子市 相島新田","C180.152": "我孫子市 青山","C180.153": "我孫子市 青山台","C180.154": "我孫子市 我孫子","C180.155": "我孫子市 我孫子新田","C180.156": "我孫子市 新木","C180.157": "我孫子市 新木野","C180.158": "我孫子市 新木村下","C180.159": "我孫子市 泉","C180.160": "我孫子市 都部","C180.161": "我孫子市 都部新田","C180.162": "我孫子市 都部村新田","C180.163": "我孫子市 江蔵地","C180.164": "我孫子市 大作新田","C180.165": "我孫子市 岡発戸","C180.166": "我孫子市 岡発戸新田","C180.167": "我孫子市 上沼田","C180.168": "我孫子市 北新田","C180.169": "我孫子市 久寺家","C180.170": "我孫子市 高野山","C180.171": "我孫子市 高野山新田","C180.172": "我孫子市 寿","C180.173": "我孫子市 湖北台","C180.174": "我孫子市 栄","C180.175": "我孫子市 下ケ戸","C180.176": "我孫子市 柴崎","C180.177": "我孫子市 柴崎台","C180.178": "我孫子市 下沼田","C180.179": "我孫子市 新々田","C180.180": "我孫子市 浅間前新田","C180.181": "我孫子市 台田","C180.182": "我孫子市 つくし野","C180.183": "我孫子市 天王台","C180.184": "我孫子市 中里","C180.185": "我孫子市 中里新田","C180.186": "我孫子市 中沼田","C180.187": "我孫子市 中峠","C180.188": "我孫子市 中峠台","C180.189": "我孫子市 中峠村下","C180.190": "我孫子市 並木","C180.191": "我孫子市 根戸","C180.192": "我孫子市 根戸新田","C180.193": "我孫子市 白山","C180.194": "我孫子市 東我孫子","C180.195": "我孫子市 日の出","C180.196": "我孫子市 日秀","C180.197": "我孫子市 日秀新田","C180.198": "我孫子市 布佐","C180.199": "我孫子市 布佐下新田","C180.200": "我孫子市 布佐酉町","C180.201": "我孫子市 布佐平和台","C180.202": "我孫子市 布施","C180.203": "我孫子市 布施下","C180.204": "我孫子市 船戸","C180.205": "我孫子市 古戸","C180.206": "我孫子市 弁天下","C180.207": "我孫子市 本町","C180.208": "我孫子市 三河屋新田","C180.209": "我孫子市 緑","C180.210": "我孫子市 南青山","C180.211": "我孫子市 南新木","C180.212": "我孫子市 都","C180.213": "我孫子市 呼塚新田","C180.214": "我孫子市 若松","C180.215": "鴨川市 天津","C180.216": "鴨川市 天面","C180.217": "鴨川市 粟斗","C180.218": "鴨川市 池田","C180.219": "鴨川市 和泉","C180.220": "鴨川市 磯村","C180.221": "鴨川市 内浦","C180.222": "鴨川市 打墨","C180.223": "鴨川市 江見青木","C180.224": "鴨川市 江見内遠野","C180.225": "鴨川市 江見外堀","C180.226": "鴨川市 江見太夫崎","C180.227": "鴨川市 江見西真門","C180.228": "鴨川市 江見東真門","C180.229": "鴨川市 江見吉浦","C180.230": "鴨川市 大川面","C180.231": "鴨川市 大幡","C180.232": "鴨川市 大山平塚","C180.233": "鴨川市 押切","C180.234": "鴨川市 太田学","C180.235": "鴨川市 貝渚","C180.236": "鴨川市 釜沼","C180.237": "鴨川市 上","C180.238": "鴨川市 上小原","C180.239": "鴨川市 川代","C180.240": "鴨川市 北小町","C180.241": "鴨川市 京田","C180.242": "鴨川市 清澄","C180.243": "鴨川市 金束","C180.244": "鴨川市 古畑","C180.245": "鴨川市 小湊","C180.246": "鴨川市 佐野","C180.247": "鴨川市 下小原","C180.248": "鴨川市 主基西","C180.249": "鴨川市 代","C180.250": "鴨川市 大里","C180.251": "鴨川市 竹平","C180.252": "鴨川市 田原西","C180.253": "鴨川市 寺門","C180.254": "鴨川市 仲","C180.255": "鴨川市 仲町","C180.256": "鴨川市 北風原","C180.257": "鴨川市 奈良林","C180.258": "鴨川市 成川","C180.259": "鴨川市 西","C180.260": "鴨川市 西江見","C180.261": "鴨川市 西町","C180.262": "鴨川市 西山","C180.263": "鴨川市 滑谷","C180.264": "鴨川市 畑","C180.265": "鴨川市 花房","C180.266": "鴨川市 浜荻","C180.267": "鴨川市 坂東","C180.268": "鴨川市 東","C180.269": "鴨川市 東江見","C180.270": "鴨川市 東町","C180.271": "鴨川市 東元浜荻飛地","C180.272": "鴨川市 平塚","C180.273": "鴨川市 広場","C180.274": "鴨川市 二子","C180.275": "鴨川市 太尾","C180.276": "鴨川市 太海","C180.277": "鴨川市 太海西","C180.278": "鴨川市 太海浜","C180.279": "鴨川市 細野","C180.280": "鴨川市 前原","C180.281": "鴨川市 松尾寺","C180.282": "鴨川市 南小町","C180.283": "鴨川市 宮","C180.284": "鴨川市 宮山","C180.285": "鴨川市 八色","C180.286": "鴨川市 横尾","C180.287": "鴨川市 横渚","C180.288": "鴨川市 吉尾西","C180.289": "鴨川市 吉尾平塚","C180.290": "鴨川市 四方木","C180.291": "鴨川市 来秀","C180.292": "鎌ケ谷市 粟野","C180.293": "鎌ケ谷市 右京塚","C180.294": "鎌ケ谷市 鎌ケ谷","C180.295": "鎌ケ谷市 軽井沢","C180.296": "鎌ケ谷市 北中沢","C180.297": "鎌ケ谷市 北初富","C180.298": "鎌ケ谷市 串崎新田","C180.299": "鎌ケ谷市 くぬぎ山","C180.300": "鎌ケ谷市 佐津間"}}