{"ja-JP": {"C181.1": "鎌ケ谷市 新鎌ケ谷","C181.2": "鎌ケ谷市 中央","C181.3": "鎌ケ谷市 富岡","C181.4": "鎌ケ谷市 中佐津間","C181.5": "鎌ケ谷市 中沢","C181.6": "鎌ケ谷市 中沢新町","C181.7": "鎌ケ谷市 西佐津間","C181.8": "鎌ケ谷市 西道野辺","C181.9": "鎌ケ谷市 初富","C181.10": "鎌ケ谷市 初富本町","C181.11": "鎌ケ谷市 東鎌ケ谷","C181.12": "鎌ケ谷市 東中沢","C181.13": "鎌ケ谷市 東初富","C181.14": "鎌ケ谷市 東道野辺","C181.15": "鎌ケ谷市 馬込沢","C181.16": "鎌ケ谷市 丸山","C181.17": "鎌ケ谷市 道野辺","C181.18": "鎌ケ谷市 道野辺中央","C181.19": "鎌ケ谷市 道野辺本町","C181.20": "鎌ケ谷市 南鎌ケ谷","C181.21": "鎌ケ谷市 南佐津間","C181.22": "鎌ケ谷市 南初富","C181.23": "君津市 青柳","C181.24": "君津市 愛宕","C181.25": "君津市 泉","C181.26": "君津市 市宿","C181.27": "君津市 糸川","C181.28": "君津市 芋窪","C181.29": "君津市 岩出","C181.30": "君津市 植畑","C181.31": "君津市 内箕輪","C181.32": "君津市 内蓑輪","C181.33": "君津市 浦田","C181.34": "君津市 大井","C181.35": "君津市 大井戸","C181.36": "君津市 大岩","C181.37": "君津市 大戸見","C181.38": "君津市 大戸見旧名殿","C181.39": "君津市 大野台","C181.40": "君津市 大山野","C181.41": "君津市 大鷲","C181.42": "君津市 大鷲新田","C181.43": "君津市 大和田","C181.44": "君津市 荻作","C181.45": "君津市 奥米","C181.46": "君津市 大坂","C181.47": "君津市 小櫃台","C181.48": "君津市 折木沢","C181.49": "君津市 賀恵渕","C181.50": "君津市 香木原","C181.51": "君津市 かずさ小糸","C181.52": "君津市 加名盛","C181.53": "君津市 鹿野山","C181.54": "君津市 鎌滝","C181.55": "君津市 上","C181.56": "君津市 上新田","C181.57": "君津市 上湯江","C181.58": "君津市 釜生","C181.59": "君津市 川俣","C181.60": "君津市 川谷","C181.61": "君津市 北久保","C181.62": "君津市 北子安","C181.63": "君津市 君津","C181.64": "君津市 君津台","C181.65": "君津市 行馬","C181.66": "君津市 黄和田畑","C181.67": "君津市 草川原","C181.68": "君津市 久保","C181.69": "君津市 蔵玉","C181.70": "君津市 栗坪","C181.71": "君津市 久留里","C181.72": "君津市 久留里市場","C181.73": "君津市 久留里大谷","C181.74": "君津市 久留里大和田","C181.75": "君津市 小市部","C181.76": "君津市 小糸大谷","C181.77": "君津市 高坂","C181.78": "君津市 郡","C181.79": "君津市 小山野","C181.80": "君津市 坂田","C181.81": "君津市 坂畑","C181.82": "君津市 笹","C181.83": "君津市 貞元","C181.84": "君津市 皿引","C181.85": "君津市 三田","C181.86": "君津市 新御堂","C181.87": "君津市 下湯江","C181.88": "君津市 宿原","C181.89": "君津市 小香","C181.90": "君津市 白駒","C181.91": "君津市 末吉","C181.92": "君津市 杉谷","C181.93": "君津市 清和市場","C181.94": "君津市 草牛","C181.95": "君津市 外箕輪","C181.96": "君津市 台","C181.97": "君津市 大中","C181.98": "君津市 高水","C181.99": "君津市 滝原","C181.100": "君津市 旅名","C181.101": "君津市 俵田","C181.102": "君津市 塚原","C181.103": "君津市 作木","C181.104": "君津市 辻森","C181.105": "君津市 寺沢","C181.106": "君津市 常代","C181.107": "君津市 戸崎","C181.108": "君津市 利根","C181.109": "君津市 富田","C181.110": "君津市 豊田","C181.111": "君津市 豊英","C181.112": "君津市 長石","C181.113": "君津市 中島","C181.114": "君津市 中富","C181.115": "君津市 中野","C181.116": "君津市 西粟倉","C181.117": "君津市 西猪原","C181.118": "君津市 西坂田","C181.119": "君津市 西原","C181.120": "君津市 西日笠","C181.121": "君津市 日渡根","C181.122": "君津市 糠田","C181.123": "君津市 糠田飛地","C181.124": "君津市 怒田","C181.125": "君津市 怒田沢","C181.126": "君津市 根本","C181.127": "君津市 練木","C181.128": "君津市 長谷川","C181.129": "君津市 浜子","C181.130": "君津市 東粟倉","C181.131": "君津市 東猪原","C181.132": "君津市 東坂田","C181.133": "君津市 東日笠","C181.134": "君津市 尾車","C181.135": "君津市 人見","C181.136": "君津市 平田","C181.137": "君津市 平山","C181.138": "君津市 広岡","C181.139": "君津市 福岡","C181.140": "君津市 藤林","C181.141": "君津市 二入","C181.142": "君津市 法木","C181.143": "君津市 法木作","C181.144": "君津市 正木","C181.145": "君津市 馬登","C181.146": "君津市 南久保","C181.147": "君津市 南子安","C181.148": "君津市 三直","C181.149": "君津市 箕輪","C181.150": "君津市 宮下","C181.151": "君津市 向郷","C181.152": "君津市 六手","C181.153": "君津市 杢師","C181.154": "君津市 八重原","C181.155": "君津市 柳城","C181.156": "君津市 山高原","C181.157": "君津市 山滝野","C181.158": "君津市 山本","C181.159": "君津市 八幡","C181.160": "君津市 陽光台","C181.161": "君津市 吉野","C181.162": "富津市 相川","C181.163": "富津市 相野谷","C181.164": "富津市 青木","C181.165": "富津市 新井","C181.166": "富津市 一色","C181.167": "富津市 不入斗","C181.168": "富津市 岩坂","C181.169": "富津市 岩瀬","C181.170": "富津市 岩本","C181.171": "富津市 上後","C181.172": "富津市 宇藤原","C181.173": "富津市 売津","C181.174": "富津市 大川崎","C181.175": "富津市 大田和","C181.176": "富津市 大堀","C181.177": "富津市 大森","C181.178": "富津市 押切","C181.179": "富津市 恩田","C181.180": "富津市 海良","C181.181": "富津市 数馬","C181.182": "富津市 加藤","C181.183": "富津市 金谷","C181.184": "富津市 上","C181.185": "富津市 上飯野","C181.186": "富津市 亀沢","C181.187": "富津市 亀田","C181.188": "富津市 川名","C181.189": "富津市 絹","C181.190": "富津市 小久保","C181.191": "富津市 小志駒","C181.192": "富津市 近藤","C181.193": "富津市 桜井","C181.194": "富津市 桜井総稱鬼泪山","C181.195": "富津市 笹毛","C181.196": "富津市 佐貫","C181.197": "富津市 更和","C181.198": "富津市 志駒","C181.199": "富津市 篠部","C181.200": "富津市 下飯野","C181.201": "富津市 障子谷","C181.202": "富津市 新富","C181.203": "富津市 関","C181.204": "富津市 関尻","C181.205": "富津市 台原","C181.206": "富津市 高溝","C181.207": "富津市 田倉","C181.208": "富津市 竹岡","C181.209": "富津市 田原","C181.210": "富津市 千種新田","C181.211": "富津市 鶴岡","C181.212": "富津市 寺尾","C181.213": "富津市 豊岡","C181.214": "富津市 中","C181.215": "富津市 長崎","C181.216": "富津市 梨沢","C181.217": "富津市 西大和田","C181.218": "富津市 西川","C181.219": "富津市 萩生","C181.220": "富津市 花香谷","C181.221": "富津市 花輪","C181.222": "富津市 東大和田","C181.223": "富津市 二間塚","C181.224": "富津市 富津","C181.225": "富津市 宝竜寺","C181.226": "富津市 本郷","C181.227": "富津市 前久保","C181.228": "富津市 湊","C181.229": "富津市 御代原","C181.230": "富津市 六野","C181.231": "富津市 望井","C181.232": "富津市 八田沼","C181.233": "富津市 山中","C181.234": "富津市 山脇","C181.235": "富津市 八幡","C181.236": "富津市 横山","C181.237": "浦安市 明海","C181.238": "浦安市 今川","C181.239": "浦安市 入船","C181.240": "浦安市 海楽","C181.241": "浦安市 北栄","C181.242": "浦安市 高洲","C181.243": "浦安市 千鳥","C181.244": "浦安市 鉄鋼通り","C181.245": "浦安市 当代島","C181.246": "浦安市 富岡","C181.247": "浦安市 猫実","C181.248": "浦安市 東野","C181.249": "浦安市 日の出","C181.250": "浦安市 富士見","C181.251": "浦安市 弁天","C181.252": "浦安市 堀江","C181.253": "浦安市 舞浜","C181.254": "浦安市 港","C181.255": "浦安市 美浜","C181.256": "四街道市 旭ケ丘","C181.257": "四街道市 池花","C181.258": "四街道市 上野","C181.259": "四街道市 内黒田","C181.260": "四街道市 美しが丘","C181.261": "四街道市 小名木","C181.262": "四街道市 亀崎","C181.263": "四街道市 萱橋","C181.264": "四街道市 栗山","C181.265": "四街道市 さちが丘","C181.266": "四街道市 さつきケ丘","C181.267": "四街道市 鹿渡","C181.268": "四街道市 下志津新田","C181.269": "四街道市 大日","C181.270": "四街道市 鷹の台","C181.271": "四街道市 中央","C181.272": "四街道市 千代田","C181.273": "四街道市 つくし座","C181.274": "四街道市 長岡","C181.275": "四街道市 中台","C181.276": "四街道市 中野","C181.277": "四街道市 南波佐間","C181.278": "四街道市 成山","C181.279": "四街道市 みそら","C181.280": "四街道市 みのり町","C181.281": "四街道市 めいわ","C181.282": "四街道市 もねの里","C181.283": "四街道市 物井","C181.284": "四街道市 山梨","C181.285": "四街道市 吉岡","C181.286": "四街道市 四街道","C181.287": "四街道市 鹿放ケ丘","C181.288": "四街道市 和田","C181.289": "四街道市 和良比","C181.290": "袖ケ浦市 阿部","C181.291": "袖ケ浦市 飯富","C181.292": "袖ケ浦市 今井","C181.293": "袖ケ浦市 岩井","C181.294": "袖ケ浦市 打越","C181.295": "袖ケ浦市 永地","C181.296": "袖ケ浦市 大竹","C181.297": "袖ケ浦市 大鳥居","C181.298": "袖ケ浦市 大曽根","C181.299": "袖ケ浦市 勝","C181.300": "袖ケ浦市 上泉"}}