{"ja-JP": {"C183.1": "南房総市 和田町石堂","C183.2": "南房総市 和田町小川","C183.3": "南房総市 和田町海発","C183.4": "南房総市 和田町上三原","C183.5": "南房総市 和田町黒岩","C183.6": "南房総市 和田町五十蔵","C183.7": "南房総市 和田町小向","C183.8": "南房総市 和田町柴","C183.9": "南房総市 和田町下三原","C183.10": "南房総市 和田町白渚","C183.11": "南房総市 和田町磑森","C183.12": "南房総市 和田町中三原","C183.13": "南房総市 和田町仁我浦","C183.14": "南房総市 和田町沼","C183.15": "南房総市 和田町花園","C183.16": "南房総市 和田町布野","C183.17": "南房総市 和田町松田","C183.18": "南房総市 和田町真浦","C183.19": "南房総市 和田町和田","C183.20": "匝瑳市 安久山","C183.21": "匝瑳市 飯倉","C183.22": "匝瑳市 飯倉台","C183.23": "匝瑳市 飯高","C183.24": "匝瑳市 飯塚","C183.25": "匝瑳市 今泉","C183.26": "匝瑳市 入山崎","C183.27": "匝瑳市 内山","C183.28": "匝瑳市 生尾","C183.29": "匝瑳市 大浦","C183.30": "匝瑳市 大寺","C183.31": "匝瑳市 大堀","C183.32": "匝瑳市 荻野","C183.33": "匝瑳市 小高","C183.34": "匝瑳市 貝塚","C183.35": "匝瑳市 片子","C183.36": "匝瑳市 金原","C183.37": "匝瑳市 蕪里","C183.38": "匝瑳市 亀崎","C183.39": "匝瑳市 栢田","C183.40": "匝瑳市 川辺","C183.41": "匝瑳市 川向","C183.42": "匝瑳市 木積","C183.43": "匝瑳市 公崎","C183.44": "匝瑳市 高野","C183.45": "匝瑳市 新","C183.46": "匝瑳市 上谷中","C183.47": "匝瑳市 高","C183.48": "匝瑳市 田久保","C183.49": "匝瑳市 椿","C183.50": "匝瑳市 時曽根","C183.51": "匝瑳市 富岡","C183.52": "匝瑳市 長岡","C183.53": "匝瑳市 中台","C183.54": "匝瑳市 長谷","C183.55": "匝瑳市 新堀","C183.56": "匝瑳市 西小笹","C183.57": "匝瑳市 城下","C183.58": "匝瑳市 野手","C183.59": "匝瑳市 登戸","C183.60": "匝瑳市 春海","C183.61": "匝瑳市 東小笹","C183.62": "匝瑳市 東谷","C183.63": "匝瑳市 久方","C183.64": "匝瑳市 平木","C183.65": "匝瑳市 堀川","C183.66": "匝瑳市 堀之内","C183.67": "匝瑳市 松山","C183.68": "匝瑳市 みどり平","C183.69": "匝瑳市 南神崎","C183.70": "匝瑳市 南山崎","C183.71": "匝瑳市 宮本","C183.72": "匝瑳市 八辺","C183.73": "匝瑳市 山桑","C183.74": "匝瑳市 八日市場イ","C183.75": "匝瑳市 八日市場ニ","C183.76": "匝瑳市 八日市場ハ","C183.77": "匝瑳市 八日市場ホ","C183.78": "匝瑳市 八日市場ロ","C183.79": "匝瑳市 横須賀","C183.80": "匝瑳市 吉崎","C183.81": "匝瑳市 吉田","C183.82": "匝瑳市 米持","C183.83": "匝瑳市 若潮町","C183.84": "香取市 阿玉川","C183.85": "香取市 阿玉台","C183.86": "香取市 油田","C183.87": "香取市 荒北","C183.88": "香取市 飯島","C183.89": "香取市 和泉","C183.90": "香取市 磯山","C183.91": "香取市 一ノ分目","C183.92": "香取市 伊地山","C183.93": "香取市 市和田","C183.94": "香取市 入会地","C183.95": "香取市 岩ケ崎台","C183.96": "香取市 岩部","C183.97": "香取市 内野","C183.98": "香取市 扇島","C183.99": "香取市 大倉","C183.100": "香取市 大倉丁子","C183.101": "香取市 大崎","C183.102": "香取市 大島","C183.103": "香取市 大戸","C183.104": "香取市 大角","C183.105": "香取市 大戸川","C183.106": "香取市 大戸新田","C183.107": "香取市 大根","C183.108": "香取市 岡飯田","C183.109": "香取市 小川","C183.110": "香取市 小見","C183.111": "香取市 小見川","C183.112": "香取市 織幡","C183.113": "香取市 貝塚","C183.114": "香取市 片野","C183.115": "香取市 加藤洲","C183.116": "香取市 香取","C183.117": "香取市 釜塚","C183.118": "香取市 上小川","C183.119": "香取市 上小堀","C183.120": "香取市 返田","C183.121": "香取市 苅毛","C183.122": "香取市 川頭","C183.123": "香取市 川上","C183.124": "香取市 川尻","C183.125": "香取市 神生","C183.126": "香取市 観音","C183.127": "香取市 北","C183.128": "香取市 北原地新田","C183.129": "香取市 木内","C183.130": "香取市 木内虫幡上小堀入会地大平","C183.131": "香取市 桐谷","C183.132": "香取市 久保","C183.133": "香取市 九美上","C183.134": "香取市 笄島","C183.135": "香取市 公官洲","C183.136": "香取市 高野","C183.137": "香取市 石納","C183.138": "香取市 五郷内","C183.139": "香取市 米野井","C183.140": "香取市 境島","C183.141": "香取市 沢","C183.142": "香取市 佐原イ","C183.143": "香取市 佐原ニ","C183.144": "香取市 佐原ハ","C183.145": "香取市 佐原ホ","C183.146": "香取市 佐原ロ","C183.147": "香取市 三ノ分目","C183.148": "香取市 志高","C183.149": "香取市 篠原イ","C183.150": "香取市 篠原ロ","C183.151": "香取市 下飯田","C183.152": "香取市 下小川","C183.153": "香取市 下小野","C183.154": "香取市 下小堀","C183.155": "香取市 昭和町","C183.156": "香取市 白井","C183.157": "香取市 新々田","C183.158": "香取市 助沢","C183.159": "香取市 関","C183.160": "香取市 高萩","C183.161": "香取市 竹之内","C183.162": "香取市 多田","C183.163": "香取市 田部","C183.164": "香取市 玉造","C183.165": "香取市 附洲新田","C183.166": "香取市 津宮","C183.167": "香取市 寺内","C183.168": "香取市 鴇崎","C183.169": "香取市 鳥羽","C183.170": "香取市 富田","C183.171": "香取市 長岡","C183.172": "香取市 長島","C183.173": "香取市 中洲","C183.174": "香取市 長山","C183.175": "香取市 新市場","C183.176": "香取市 新寺","C183.177": "香取市 西坂","C183.178": "香取市 西田部","C183.179": "香取市 西部田","C183.180": "香取市 西和田","C183.181": "香取市 新里","C183.182": "香取市 新部","C183.183": "香取市 仁良","C183.184": "香取市 野田","C183.185": "香取市 野間谷原","C183.186": "香取市 旗鉾","C183.187": "香取市 八本","C183.188": "香取市 鳩山","C183.189": "香取市 羽根川","C183.190": "香取市 福田","C183.191": "香取市 布野","C183.192": "香取市 府馬","C183.193": "香取市 古内","C183.194": "香取市 堀之内","C183.195": "香取市 本郷","C183.196": "香取市 牧野","C183.197": "香取市 増田","C183.198": "香取市 三島","C183.199": "香取市 みずほ台","C183.200": "香取市 南原地新田","C183.201": "香取市 虫幡","C183.202": "香取市 本矢作","C183.203": "香取市 森戸","C183.204": "香取市 八筋川","C183.205": "香取市 谷中","C183.206": "香取市 山川","C183.207": "香取市 山倉","C183.208": "香取市 山之辺","C183.209": "香取市 八日市場","C183.210": "香取市 丁子","C183.211": "香取市 与倉","C183.212": "香取市 吉原","C183.213": "香取市 竜谷","C183.214": "香取市 分郷","C183.215": "山武市 麻生新田","C183.216": "山武市 雨坪","C183.217": "山武市 板川","C183.218": "山武市 板附","C183.219": "山武市 板中新田","C183.220": "山武市 市場","C183.221": "山武市 井之内","C183.222": "山武市 植草","C183.223": "山武市 大木","C183.224": "山武市 沖渡","C183.225": "山武市 親田","C183.226": "山武市 上横地","C183.227": "山武市 川崎","C183.228": "山武市 木戸","C183.229": "山武市 木原","C183.230": "山武市 草深","C183.231": "山武市 小泉","C183.232": "山武市 五木田","C183.233": "山武市 小松","C183.234": "山武市 実門","C183.235": "山武市 椎崎","C183.236": "山武市 柴原","C183.237": "山武市 島","C183.238": "山武市 島戸","C183.239": "山武市 下布田","C183.240": "山武市 下横地","C183.241": "山武市 白幡","C183.242": "山武市 真行寺","C183.243": "山武市 津辺","C183.244": "山武市 寺崎","C183.245": "山武市 戸田","C183.246": "山武市 殿台","C183.247": "山武市 富口","C183.248": "山武市 富田","C183.249": "山武市 富田幸谷","C183.250": "山武市 中津田","C183.251": "山武市 成東","C183.252": "山武市 新泉","C183.253": "山武市 野堀","C183.254": "山武市 蓮沼イ","C183.255": "山武市 蓮沼ニ","C183.256": "山武市 蓮沼ハ","C183.257": "山武市 蓮沼平","C183.258": "山武市 蓮沼ホ","C183.259": "山武市 蓮沼ロ","C183.260": "山武市 埴谷","C183.261": "山武市 早船","C183.262": "山武市 姫島","C183.263": "山武市 日向台","C183.264": "山武市 松尾町祝田","C183.265": "山武市 松尾町大堤","C183.266": "山武市 松尾町小川","C183.267": "山武市 松尾町折戸","C183.268": "山武市 松尾町借毛本郷","C183.269": "山武市 松尾町蕪木","C183.270": "山武市 松尾町上大蔵","C183.271": "山武市 松尾町金尾","C183.272": "山武市 松尾町木刀","C183.273": "山武市 松尾町五反田","C183.274": "山武市 松尾町古和","C183.275": "山武市 松尾町猿尾","C183.276": "山武市 松尾町下大蔵","C183.277": "山武市 松尾町下野","C183.278": "山武市 松尾町下之郷","C183.279": "山武市 松尾町高富","C183.280": "山武市 松尾町武野里","C183.281": "山武市 松尾町田越","C183.282": "山武市 松尾町八田","C183.283": "山武市 松尾町引越","C183.284": "山武市 松尾町広根","C183.285": "山武市 松尾町富士見台","C183.286": "山武市 松尾町松尾","C183.287": "山武市 松尾町水深","C183.288": "山武市 松尾町本柏","C183.289": "山武市 松尾町本水深","C183.290": "山武市 松尾町谷津","C183.291": "山武市 松尾町山室","C183.292": "山武市 松ヶ谷","C183.293": "山武市 美杉野","C183.294": "山武市 武勝","C183.295": "山武市 本須賀","C183.296": "山武市 森","C183.297": "山武市 矢部","C183.298": "山武市 湯坂","C183.299": "山武市 横田","C183.300": "山武市 和田"}}