{"ja-JP": {"C184.1": "いすみ市 今関","C184.2": "いすみ市 岩船","C184.3": "いすみ市 小池","C184.4": "いすみ市 大野","C184.5": "いすみ市 大原","C184.6": "いすみ市 大原台","C184.7": "いすみ市 大和田","C184.8": "いすみ市 荻原","C184.9": "いすみ市 小沢","C184.10": "いすみ市 小高","C184.11": "いすみ市 柿和田","C184.12": "いすみ市 神置","C184.13": "いすみ市 上布施","C184.14": "いすみ市 苅谷","C184.15": "いすみ市 国府台","C184.16": "いすみ市 小又井","C184.17": "いすみ市 作田","C184.18": "いすみ市 札森","C184.19": "いすみ市 佐室","C184.20": "いすみ市 沢部","C184.21": "いすみ市 島","C184.22": "いすみ市 下原","C184.23": "いすみ市 下布施","C184.24": "いすみ市 釈迦谷","C184.25": "いすみ市 正立寺","C184.26": "いすみ市 須賀谷","C184.27": "いすみ市 高谷","C184.28": "いすみ市 長志","C184.29": "いすみ市 行川","C184.30": "いすみ市 新田","C184.31": "いすみ市 新田野","C184.32": "いすみ市 新田若山深堀入会地","C184.33": "いすみ市 能実","C184.34": "いすみ市 日在","C184.35": "いすみ市 引田","C184.36": "いすみ市 深堀","C184.37": "いすみ市 深谷","C184.38": "いすみ市 細尾","C184.39": "いすみ市 増田","C184.40": "いすみ市 松丸","C184.41": "いすみ市 万木","C184.42": "いすみ市 岬町井沢","C184.43": "いすみ市 岬町和泉","C184.44": "いすみ市 岬町市野々","C184.45": "いすみ市 岬町岩熊","C184.46": "いすみ市 岬町榎沢","C184.47": "いすみ市 岬町江場土","C184.48": "いすみ市 岬町押日","C184.49": "いすみ市 岬町鴨根","C184.50": "いすみ市 岬町嘉谷","C184.51": "いすみ市 岬町桑田","C184.52": "いすみ市 岬町椎木","C184.53": "いすみ市 岬町長者","C184.54": "いすみ市 岬町中滝","C184.55": "いすみ市 岬町中原","C184.56": "いすみ市 岬町東小高","C184.57": "いすみ市 岬町東中滝","C184.58": "いすみ市 岬町三門","C184.59": "いすみ市 岬町谷上","C184.60": "いすみ市 八乙女","C184.61": "いすみ市 弥正","C184.62": "いすみ市 山田","C184.63": "いすみ市 楽町","C184.64": "いすみ市 若山","C184.65": "大網白里市 池田","C184.66": "大網白里市 砂田","C184.67": "大網白里市 上谷新田","C184.68": "大網白里市 大網","C184.69": "大網白里市 大竹","C184.70": "大網白里市 柿餅","C184.71": "大網白里市 桂山","C184.72": "大網白里市 金谷郷","C184.73": "大網白里市 上貝塚","C184.74": "大網白里市 萱野","C184.75": "大網白里市 神房","C184.76": "大網白里市 木崎","C184.77": "大網白里市 北飯塚","C184.78": "大網白里市 北今泉","C184.79": "大網白里市 北横川","C184.80": "大網白里市 北吉田","C184.81": "大網白里市 季美の森南","C184.82": "大網白里市 経田","C184.83": "大網白里市 九十根","C184.84": "大網白里市 小中","C184.85": "大網白里市 小西","C184.86": "大網白里市 駒込","C184.87": "大網白里市 下ヶ傍示","C184.88": "大網白里市 四天木","C184.89": "大網白里市 清水","C184.90": "大網白里市 清名幸谷","C184.91": "大網白里市 富田","C184.92": "大網白里市 長国","C184.93": "大網白里市 永田","C184.94": "大網白里市 ながた野","C184.95": "大網白里市 二之袋","C184.96": "大網白里市 星谷","C184.97": "大網白里市 細草","C184.98": "大網白里市 仏島","C184.99": "大網白里市 みずほ台","C184.100": "大網白里市 みどりが丘","C184.101": "大網白里市 南飯塚","C184.102": "大網白里市 南今泉","C184.103": "大網白里市 南玉","C184.104": "大網白里市 南横川","C184.105": "大網白里市 みやこ野","C184.106": "大網白里市 餅木","C184.107": "大網白里市 柳橋","C184.108": "大網白里市 山口","C184.109": "大網白里市 養安寺","C184.110": "印旛郡酒々井町 飯積","C184.111": "印旛郡酒々井町 伊篠","C184.112": "印旛郡酒々井町 伊篠新田","C184.113": "印旛郡酒々井町 今倉新田","C184.114": "印旛郡酒々井町 尾上","C184.115": "印旛郡酒々井町 柏木","C184.116": "印旛郡酒々井町 上岩橋","C184.117": "印旛郡酒々井町 上本佐倉","C184.118": "印旛郡酒々井町 酒々井","C184.119": "印旛郡酒々井町 篠山新田","C184.120": "印旛郡酒々井町 下岩橋","C184.121": "印旛郡酒々井町 下台","C184.122": "印旛郡酒々井町 墨","C184.123": "印旛郡酒々井町 中央台","C184.124": "印旛郡酒々井町 中川","C184.125": "印旛郡酒々井町 東酒々井","C184.126": "印旛郡酒々井町 ふじき野","C184.127": "印旛郡酒々井町 馬橋","C184.128": "印旛郡酒々井町 本佐倉","C184.129": "印旛郡栄町 安食","C184.130": "印旛郡栄町 安食台","C184.131": "印旛郡栄町 安食卜杭新田","C184.132": "印旛郡栄町 麻生","C184.133": "印旛郡栄町 請方","C184.134": "印旛郡栄町 大森","C184.135": "印旛郡栄町 興津","C184.136": "印旛郡栄町 押付","C184.137": "印旛郡栄町 北","C184.138": "印旛郡栄町 北辺田","C184.139": "印旛郡栄町 酒直","C184.140": "印旛郡栄町 酒直台","C184.141": "印旛郡栄町 四箇","C184.142": "印旛郡栄町 須賀","C184.143": "印旛郡栄町 曽根","C184.144": "印旛郡栄町 長門谷","C184.145": "印旛郡栄町 中谷","C184.146": "印旛郡栄町 西","C184.147": "印旛郡栄町 布鎌酒直","C184.148": "印旛郡栄町 布太","C184.149": "印旛郡栄町 生板鍋子新田","C184.150": "印旛郡栄町 南","C184.151": "印旛郡栄町 南ケ丘","C184.152": "印旛郡栄町 三和","C184.153": "印旛郡栄町 矢口","C184.154": "印旛郡栄町 矢口神明","C184.155": "印旛郡栄町 四ッ谷","C184.156": "印旛郡栄町 龍角寺","C184.157": "印旛郡栄町 竜角寺台","C184.158": "印旛郡栄町 龍ケ崎町歩","C184.159": "印旛郡栄町 脇川","C184.160": "印旛郡栄町 和田","C184.161": "香取郡神崎町 今","C184.162": "香取郡神崎町 植房","C184.163": "香取郡神崎町 大貫","C184.164": "香取郡神崎町 毛成","C184.165": "香取郡神崎町 神崎神宿","C184.166": "香取郡神崎町 神崎本宿","C184.167": "香取郡神崎町 高谷","C184.168": "香取郡神崎町 郡","C184.169": "香取郡神崎町 古原","C184.170": "香取郡神崎町 小松","C184.171": "香取郡神崎町 四季の丘","C184.172": "香取郡神崎町 十三間戸","C184.173": "香取郡神崎町 新","C184.174": "香取郡神崎町 武田","C184.175": "香取郡神崎町 立野","C184.176": "香取郡神崎町 並木","C184.177": "香取郡神崎町 藤の台","C184.178": "香取郡神崎町 松崎","C184.179": "香取郡多古町 飯笹","C184.180": "香取郡多古町 出沼","C184.181": "香取郡多古町 井戸山","C184.182": "香取郡多古町 牛尾","C184.183": "香取郡多古町 大門","C184.184": "香取郡多古町 大高","C184.185": "香取郡多古町 川島","C184.186": "香取郡多古町 喜多","C184.187": "香取郡多古町 北中","C184.188": "香取郡多古町 御所台","C184.189": "香取郡多古町 五反田","C184.190": "香取郡多古町 坂","C184.191": "香取郡多古町 谷三倉","C184.192": "香取郡多古町 島","C184.193": "香取郡多古町 染井","C184.194": "香取郡多古町 高津原","C184.195": "香取郡多古町 多古","C184.196": "香取郡多古町 千田","C184.197": "香取郡多古町 次浦","C184.198": "香取郡多古町 寺作","C184.199": "香取郡多古町 東輝","C184.200": "香取郡多古町 十余三","C184.201": "香取郡多古町 中村新田","C184.202": "香取郡多古町 西古内","C184.203": "香取郡多古町 林","C184.204": "香取郡多古町 東松崎","C184.205": "香取郡多古町 一鍬田","C184.206": "香取郡多古町 桧木","C184.207": "香取郡多古町 船越","C184.208": "香取郡多古町 方田","C184.209": "香取郡多古町 間倉","C184.210": "香取郡多古町 水戸","C184.211": "香取郡多古町 南借当","C184.212": "香取郡多古町 南玉造","C184.213": "香取郡多古町 南中","C184.214": "香取郡多古町 南並木","C184.215": "香取郡多古町 南和田","C184.216": "香取郡多古町 本三倉","C184.217": "香取郡東庄町 粟野","C184.218": "香取郡東庄町 石出","C184.219": "香取郡東庄町 今郡","C184.220": "香取郡東庄町 大久保","C184.221": "香取郡東庄町 大友","C184.222": "香取郡東庄町 青馬","C184.223": "香取郡東庄町 小座","C184.224": "香取郡東庄町 神田","C184.225": "香取郡東庄町 窪野谷","C184.226": "香取郡東庄町 小貝野","C184.227": "香取郡東庄町 小南","C184.228": "香取郡東庄町 笹川い","C184.229": "香取郡東庄町 笹川ろ","C184.230": "香取郡東庄町 高部","C184.231": "香取郡東庄町 東和田","C184.232": "香取郡東庄町 夏目","C184.233": "香取郡東庄町 新宿","C184.234": "香取郡東庄町 羽計","C184.235": "香取郡東庄町 東今泉","C184.236": "香取郡東庄町 平山","C184.237": "香取郡東庄町 舟戸","C184.238": "香取郡東庄町 宮野台","C184.239": "香取郡東庄町 宮本","C184.240": "香取郡東庄町 八重穂","C184.241": "香取郡東庄町 谷津","C184.242": "山武郡九十九里町 粟生","C184.243": "山武郡九十九里町 荒生","C184.244": "山武郡九十九里町 片貝","C184.245": "山武郡九十九里町 小関","C184.246": "山武郡九十九里町 作田","C184.247": "山武郡九十九里町 下貝塚","C184.248": "山武郡九十九里町 宿","C184.249": "山武郡九十九里町 田中荒生","C184.250": "山武郡九十九里町 西野","C184.251": "山武郡九十九里町 藤下","C184.252": "山武郡九十九里町 不動堂","C184.253": "山武郡九十九里町 細屋敷","C184.254": "山武郡九十九里町 真亀","C184.255": "山武郡九十九里町 真亀新田","C184.256": "山武郡芝山町 朝倉","C184.257": "山武郡芝山町 飯櫃","C184.258": "山武郡芝山町 岩山","C184.259": "山武郡芝山町 大里","C184.260": "山武郡芝山町 大台","C184.261": "山武郡芝山町 小原子","C184.262": "山武郡芝山町 上吹入","C184.263": "山武郡芝山町 香山新田","C184.264": "山武郡芝山町 小池","C184.265": "山武郡芝山町 境","C184.266": "山武郡芝山町 芝山","C184.267": "山武郡芝山町 下吹入","C184.268": "山武郡芝山町 高田","C184.269": "山武郡芝山町 高谷","C184.270": "山武郡芝山町 殿部田","C184.271": "山武郡芝山町 新井田","C184.272": "山武郡芝山町 新井田新田","C184.273": "山武郡芝山町 菱田","C184.274": "山武郡芝山町 宝馬","C184.275": "山武郡芝山町 牧野","C184.276": "山武郡芝山町 宮崎","C184.277": "山武郡芝山町 山田","C184.278": "山武郡芝山町 山中","C184.279": "山武郡横芝光町 新井","C184.280": "山武郡横芝光町 市野原","C184.281": "山武郡横芝光町 牛熊","C184.282": "山武郡横芝光町 姥山","C184.283": "山武郡横芝光町 小川台","C184.284": "山武郡横芝光町 於幾","C184.285": "山武郡横芝光町 尾垂","C184.286": "山武郡横芝光町 小堤","C184.287": "山武郡横芝光町 上原","C184.288": "山武郡横芝光町 北清水","C184.289": "山武郡横芝光町 木戸","C184.290": "山武郡横芝光町 木戸台","C184.291": "山武郡横芝光町 栗山","C184.292": "山武郡横芝光町 古川","C184.293": "山武郡横芝光町 小田部","C184.294": "山武郡横芝光町 坂田","C184.295": "山武郡横芝光町 坂田池","C184.296": "山武郡横芝光町 篠本","C184.297": "山武郡横芝光町 篠本根切","C184.298": "山武郡横芝光町 芝崎","C184.299": "山武郡横芝光町 芝崎南","C184.300": "山武郡横芝光町 曽根合"}}