{"ja-JP": {"C185.1": "山武郡横芝光町 台","C185.2": "山武郡横芝光町 寺方","C185.3": "山武郡横芝光町 遠山","C185.4": "山武郡横芝光町 富下","C185.5": "山武郡横芝光町 取立","C185.6": "山武郡横芝光町 鳥喰上","C185.7": "山武郡横芝光町 鳥喰下","C185.8": "山武郡横芝光町 鳥喰新田","C185.9": "山武郡横芝光町 長倉","C185.10": "山武郡横芝光町 中台","C185.11": "山武郡横芝光町 長山台","C185.12": "山武郡横芝光町 新島","C185.13": "山武郡横芝光町 母子","C185.14": "山武郡横芝光町 原方","C185.15": "山武郡横芝光町 二又","C185.16": "山武郡横芝光町 傍示戸","C185.17": "山武郡横芝光町 宝米","C185.18": "山武郡横芝光町 宮川","C185.19": "山武郡横芝光町 虫生","C185.20": "山武郡横芝光町 目篠","C185.21": "山武郡横芝光町 屋形","C185.22": "山武郡横芝光町 谷台","C185.23": "山武郡横芝光町 谷中","C185.24": "山武郡横芝光町 横芝","C185.25": "山武郡横芝光町 両国新田","C185.26": "長生郡一宮町 新地","C185.27": "長生郡一宮町 新地甲","C185.28": "長生郡一宮町 新地丙","C185.29": "長生郡一宮町 一宮","C185.30": "長生郡一宮町 船頭給","C185.31": "長生郡一宮町 田町","C185.32": "長生郡一宮町 綱田","C185.33": "長生郡一宮町 東浪見","C185.34": "長生郡一宮町 白山","C185.35": "長生郡一宮町 東野","C185.36": "長生郡一宮町 本給","C185.37": "長生郡一宮町 宮原","C185.38": "長生郡睦沢町 岩井","C185.39": "長生郡睦沢町 大上","C185.40": "長生郡睦沢町 大谷木","C185.41": "長生郡睦沢町 上市場","C185.42": "長生郡睦沢町 上之郷","C185.43": "長生郡睦沢町 川島","C185.44": "長生郡睦沢町 河須ケ谷","C185.45": "長生郡睦沢町 北山田","C185.46": "長生郡睦沢町 北山田寺崎新田","C185.47": "長生郡睦沢町 小滝","C185.48": "長生郡睦沢町 佐貫","C185.49": "長生郡睦沢町 下之郷","C185.50": "長生郡睦沢町 長楽寺","C185.51": "長生郡睦沢町 寺崎","C185.52": "長生郡睦沢町 妙楽寺","C185.53": "長生郡睦沢町 森","C185.54": "長生郡長生村 入山津","C185.55": "長生郡長生村 岩沼","C185.56": "長生郡長生村 岩沼飛地","C185.57": "長生郡長生村 驚","C185.58": "長生郡長生村 金田","C185.59": "長生郡長生村 北水口","C185.60": "長生郡長生村 小泉","C185.61": "長生郡長生村 曽根","C185.62": "長生郡長生村 中之郷","C185.63": "長生郡長生村 七井土","C185.64": "長生郡長生村 信友","C185.65": "長生郡長生村 一松","C185.66": "長生郡長生村 一松乙","C185.67": "長生郡長生村 一松甲","C185.68": "長生郡長生村 一松丁","C185.69": "長生郡長生村 一松飛地甲","C185.70": "長生郡長生村 一松丙","C185.71": "長生郡長生村 一松戊","C185.72": "長生郡長生村 本郷","C185.73": "長生郡長生村 宮成","C185.74": "長生郡長生村 水口","C185.75": "長生郡長生村 六ツ野飛地","C185.76": "長生郡長生村 薮塚","C185.77": "長生郡白子町 牛込","C185.78": "長生郡白子町 驚","C185.79": "長生郡白子町 北高根","C185.80": "長生郡白子町 北日当","C185.81": "長生郡白子町 五井","C185.82": "長生郡白子町 幸治","C185.83": "長生郡白子町 関","C185.84": "長生郡白子町 剃金","C185.85": "長生郡白子町 中里","C185.86": "長生郡白子町 八斗","C185.87": "長生郡白子町 浜宿","C185.88": "長生郡白子町 福島","C185.89": "長生郡白子町 古所","C185.90": "長生郡白子町 南日当","C185.91": "長生郡長柄町 上野","C185.92": "長生郡長柄町 榎本","C185.93": "長生郡長柄町 大津倉","C185.94": "長生郡長柄町 大庭","C185.95": "長生郡長柄町 刑部","C185.96": "長生郡長柄町 金谷","C185.97": "長生郡長柄町 国府里","C185.98": "長生郡長柄町 小榎本","C185.99": "長生郡長柄町 桜谷","C185.100": "長生郡長柄町 皿木","C185.101": "長生郡長柄町 高山","C185.102": "長生郡長柄町 田代","C185.103": "長生郡長柄町 立鳥","C185.104": "長生郡長柄町 千代丸","C185.105": "長生郡長柄町 鴇谷","C185.106": "長生郡長柄町 徳増","C185.107": "長生郡長柄町 長富","C185.108": "長生郡長柄町 中野台","C185.109": "長生郡長柄町 長柄山","C185.110": "長生郡長柄町 針ケ谷","C185.111": "長生郡長柄町 船木","C185.112": "長生郡長柄町 味庄","C185.113": "長生郡長柄町 山之郷","C185.114": "長生郡長柄町 山根","C185.115": "長生郡長柄町 力丸","C185.116": "長生郡長柄町 六地蔵","C185.117": "長生郡長南町 市野々","C185.118": "長生郡長南町 今泉","C185.119": "長生郡長南町 岩川","C185.120": "長生郡長南町 岩撫","C185.121": "長生郡長南町 小沢","C185.122": "長生郡長南町 小生田","C185.123": "長生郡長南町 笠森","C185.124": "長生郡長南町 上小野田","C185.125": "長生郡長南町 給田","C185.126": "長生郡長南町 蔵持","C185.127": "長生郡長南町 坂本","C185.128": "長生郡長南町 佐坪","C185.129": "長生郡長南町 芝原","C185.130": "長生郡長南町 地引","C185.131": "長生郡長南町 下小野田","C185.132": "長生郡長南町 須田","C185.133": "長生郡長南町 関原","C185.134": "長生郡長南町 千手堂","C185.135": "長生郡長南町 千田","C185.136": "長生郡長南町 竹林","C185.137": "長生郡長南町 棚毛","C185.138": "長生郡長南町 長南","C185.139": "長生郡長南町 豊原","C185.140": "長生郡長南町 中原","C185.141": "長生郡長南町 深沢","C185.142": "長生郡長南町 報恩寺","C185.143": "長生郡長南町 又富","C185.144": "長生郡長南町 水沼","C185.145": "長生郡長南町 美原台","C185.146": "長生郡長南町 茗荷沢","C185.147": "長生郡長南町 本台","C185.148": "長生郡長南町 山内","C185.149": "長生郡長南町 米満","C185.150": "夷隅郡大多喜町 粟又","C185.151": "夷隅郡大多喜町 石神","C185.152": "夷隅郡大多喜町 板谷","C185.153": "夷隅郡大多喜町 市川","C185.154": "夷隅郡大多喜町 伊保田","C185.155": "夷隅郡大多喜町 上原","C185.156": "夷隅郡大多喜町 上原西部田柳原入会","C185.157": "夷隅郡大多喜町 宇筒原","C185.158": "夷隅郡大多喜町 大多喜","C185.159": "夷隅郡大多喜町 大田代","C185.160": "夷隅郡大多喜町 大戸","C185.161": "夷隅郡大多喜町 押沼","C185.162": "夷隅郡大多喜町 小土呂","C185.163": "夷隅郡大多喜町 面白","C185.164": "夷隅郡大多喜町 会所","C185.165": "夷隅郡大多喜町 紙敷","C185.166": "夷隅郡大多喜町 川畑","C185.167": "夷隅郡大多喜町 久我原","C185.168": "夷隅郡大多喜町 葛藤","C185.169": "夷隅郡大多喜町 久保","C185.170": "夷隅郡大多喜町 黒原","C185.171": "夷隅郡大多喜町 小内","C185.172": "夷隅郡大多喜町 小内笛倉入会","C185.173": "夷隅郡大多喜町 紺屋","C185.174": "夷隅郡大多喜町 小沢又","C185.175": "夷隅郡大多喜町 小田代","C185.176": "夷隅郡大多喜町 小苗","C185.177": "夷隅郡大多喜町 小谷松","C185.178": "夷隅郡大多喜町 桜台","C185.179": "夷隅郡大多喜町 猿稲","C185.180": "夷隅郡大多喜町 三条","C185.181": "夷隅郡大多喜町 下大多喜","C185.182": "夷隅郡大多喜町 庄司","C185.183": "夷隅郡大多喜町 新丁","C185.184": "夷隅郡大多喜町 泉水","C185.185": "夷隅郡大多喜町 田代","C185.186": "夷隅郡大多喜町 田丁","C185.187": "夷隅郡大多喜町 筒森","C185.188": "夷隅郡大多喜町 中野","C185.189": "夷隅郡大多喜町 西部田","C185.190": "夷隅郡大多喜町 馬場内","C185.191": "夷隅郡大多喜町 原内","C185.192": "夷隅郡大多喜町 平沢","C185.193": "夷隅郡大多喜町 笛倉","C185.194": "夷隅郡大多喜町 船子","C185.195": "夷隅郡大多喜町 部田","C185.196": "夷隅郡大多喜町 堀切","C185.197": "夷隅郡大多喜町 堀之内","C185.198": "夷隅郡大多喜町 松尾","C185.199": "夷隅郡大多喜町 三又","C185.200": "夷隅郡大多喜町 百鉾","C185.201": "夷隅郡大多喜町 森宮","C185.202": "夷隅郡大多喜町 弥喜用","C185.203": "夷隅郡大多喜町 八声","C185.204": "夷隅郡大多喜町 柳原","C185.205": "夷隅郡大多喜町 湯倉","C185.206": "夷隅郡大多喜町 弓木","C185.207": "夷隅郡大多喜町 横山","C185.208": "夷隅郡御宿町 岩和田","C185.209": "夷隅郡御宿町 御宿台","C185.210": "夷隅郡御宿町 上布施","C185.211": "夷隅郡御宿町 久保","C185.212": "夷隅郡御宿町 実谷","C185.213": "夷隅郡御宿町 新町","C185.214": "夷隅郡御宿町 須賀","C185.215": "夷隅郡御宿町 高山田","C185.216": "夷隅郡御宿町 七本","C185.217": "夷隅郡御宿町 浜","C185.218": "夷隅郡御宿町 六軒町","C185.219": "安房郡鋸南町 市井原","C185.220": "安房郡鋸南町 岩井袋","C185.221": "安房郡鋸南町 江月","C185.222": "安房郡鋸南町 大帷子","C185.223": "安房郡鋸南町 大崩","C185.224": "安房郡鋸南町 奥山","C185.225": "安房郡鋸南町 勝山","C185.226": "安房郡鋸南町 上佐久間","C185.227": "安房郡鋸南町 小保田","C185.228": "安房郡鋸南町 下佐久間","C185.229": "安房郡鋸南町 大六","C185.230": "安房郡鋸南町 中佐久間","C185.231": "安房郡鋸南町 保田","C185.232": "安房郡鋸南町 元名","C185.233": "安房郡鋸南町 横根","C185.234": "安房郡鋸南町 吉浜","C185.235": "安房郡鋸南町 竜島",